Date,Price Đóng cửa,Dự đoán Đóng cửa,Price Mở cửa,Dự đoán Mở cửa,Price Cao nhất,Dự đoán Cao nhất,Price Thấp nhất,Dự đoán Thấp nhất
2015-01-22,6425.999999999999,6711.1577,6283.0,6639.268,6426.0,6725.886,6283.0,6668.048
2015-01-27,6425.999999999999,6688.2554,6355.0,6614.916,6426.0,6700.0312,6354.999999999999,6645.698
2015-02-06,6354.999999999999,6702.1978,6426.0,6629.197,6426.0,6713.442,6354.999999999999,6659.251
2015-02-09,6354.999999999999,6710.0376,6355.0,6636.8013,6355.0,6719.9995,6354.999999999999,6667.1333
2015-02-11,6425.999999999999,6696.1357,6426.0,6621.702,6426.0,6703.2847,6425.999999999999,6653.726
2015-02-12,6425.999999999999,6717.257,6426.0,6643.474,6426.0,6724.2764,6425.999999999999,6674.402
2015-02-25,6212.0,6739.8687,6212.0,6666.7754,6212.0,6746.6543,6212.0,6696.5654
2015-02-26,6141.0,6652.0938,6426.0,6574.4526,6426.0,6651.634,6141.0,6611.089
2015-02-27,6498.000000000001,6593.269,6355.0,6512.5625,6498.0,6590.6807,6354.999999999999,6554.236
2015-03-02,6783.0,6673.0557,6569.0,6596.6885,6783.0,6677.7354,6569.0,6631.756
2015-03-05,6212.0,6882.8823,6640.0,6816.8745,6640.0,6901.2705,6212.0,6835.9077
2015-03-06,6640.0,6846.922,6640.0,6777.7993,6640.0,6861.366,6640.0,6801.814
2015-03-10,6640.0,6862.4116,6640.0,6793.4624,6640.0,6877.506,6640.0,6817.0796
2015-03-11,6783.0,6893.854,6783.0,6826.1016,6783.0,6910.234,6783.0,6847.8843
2015-03-13,6640.0,6982.6133,6712.0,6918.7437,6712.0,7003.4795,6640.0,6934.687
2015-03-16,6997.0,6985.499,7211.999999999999,6920.9385,7211.999999999999,7004.588,6783.0,6938.1816
2015-03-17,7569.0,7131.1978,7282.999999999999,7072.4644,7569.000000000001,7160.279,7282.999999999999,7081.4854
2015-03-18,8211.0,7452.7305,7854.0,7408.2383,8211.0,7501.321,7854.0,7395.9985
2015-03-19,8782.0,7943.202,8782.0,7920.053,8854.0,8018.4556,7426.0,7875.9727
2015-03-20,8854.0,8378.601,8782.0,8372.173,8854.0,8477.368,8568.0,8304.621
2015-03-23,8640.0,8642.506,8711.0,8644.452,8925.0,8750.571,8640.0,8566.796
2015-03-24,7997.0,8647.084,8640.0,8644.916,8711.0,8749.266,7997.0,8576.635
2015-03-25,8425.0,8356.839,8497.0,8335.957,8497.0,8440.848,8425.0,8299.575
2015-03-26,7854.0,8290.701,8497.0,8263.616,8497.0,8375.052,7854.0,8239.373
2015-03-27,8139.999999999999,8181.4775,8140.0,8145.627,8140.0,8263.891,8139.999999999999,8137.3037
2015-03-31,8139.999999999999,8160.361,8140.0,8121.215,8140.0,8244.084,8139.999999999999,8119.229
2015-04-01,7354.000000000001,8196.94,7353.999999999999,8157.609,7353.999999999999,8282.36,7354.000000000001,8156.553
2015-04-06,7854.0,7854.732,7854.0,7797.2197,7854.0,7915.321,7854.0,7823.9404
2015-04-07,8211.0,7856.503,7497.000000000001,7798.569,8640.0,7918.3833,7497.0,7826.2617
2015-04-08,8568.0,8076.7715,8568.0,8029.485,8568.0,8155.44,8568.0,8041.277
2015-04-09,7926.0,8464.71,7926.0,8434.81,7926.0,8562.883,7926.0,8420.317
2015-04-10,7211.999999999999,8300.949,7211.999999999999,8261.205,7211.999999999999,8378.47,7211.999999999999,8261.838
2015-04-17,7926.0,7748.247,7926.0,7681.0366,7926.0,7786.8677,7926.0,7723.721
2015-04-20,7140.0,7775.553,7139.999999999999,7710.7314,7139.999999999999,7821.127,7140.0,7750.808
2015-04-22,7211.999999999999,7595.5786,7854.0,7522.8823,7854.0,7630.47,7211.999999999999,7575.2427
2015-05-04,7997.0,7599.116,7997.0,7526.7207,7997.0,7639.1797,7997.0,7579.2437
2015-05-05,8568.0,7915.648,7211.999999999999,7858.9043,8568.0,7977.1216,7211.999999999999,7887.0254
2015-05-06,7711.0,8194.281,7711.000000000001,8152.142,7711.000000000001,8274.051,7711.0,8156.5737
2015-05-07,8425.0,8104.5674,8354.0,8058.129,8425.0,8173.013,8354.0,8068.075
2015-05-12,7640.0,8278.287,7640.000000000001,8240.125,7640.000000000001,8355.245,7640.0,8237.145
2015-05-18,7783.0,8039.105,7783.000000000001,7988.9385,7783.000000000001,8096.1426,7783.0,8004.1885
2015-05-20,7069.0,7901.9385,7069.0,7845.293,7069.0,7950.9927,7069.0,7870.6484
2015-05-29,7148.000000000001,7553.821,7147.999999999999,7481.019,7147.999999999999,7582.529,7148.000000000001,7531.159
2015-06-02,7862.999999999999,7394.036,7863.0,7315.188,7863.0,7418.003,7862.999999999999,7374.743
2015-06-03,8578.0,7741.959,8578.0,7681.2793,8578.0,7791.8506,8578.0,7712.861
2015-06-04,9372.0,8380.482,9372.0,8349.56,9372.0,8466.059,9372.0,8334.86
2015-06-10,10246.0,9072.634,10246.0,9071.6045,10246.0,9189.449,10246.0,9010.852
2015-06-11,9928.0,9749.644,9928.0,9776.355,9928.0,9893.298,9928.0,9674.309
2015-06-12,10166.0,9775.513,9928.0,9798.93,10166.0,9905.599,9928.0,9704.0
2015-06-15,10166.0,9760.206,10325.0,9779.209,10325.0,9884.552,10007.0,9693.627
2015-06-18,10007.0,9860.846,9054.0,9880.785,10007.0,9991.926,9054.0,9797.036
2015-06-25,9531.0,9693.895,9531.0,9703.507,9531.0,9818.146,9531.0,9637.998
2015-06-30,9531.0,9544.847,9531.0,9544.566,9531.0,9663.087,9531.0,9496.383
2015-07-01,9690.0,9490.507,9690.0,9484.592,9690.0,9607.615,9690.0,9446.643
2015-07-09,8737.0,9568.46,8737.0,9562.968,8737.0,9690.606,8737.0,9525.428
2015-07-10,8737.0,9137.458,8737.0,9108.198,8737.0,9230.239,8737.0,9106.9375
2015-07-16,7545.0,8867.502,7545.0,8823.356,7545.0,8946.823,7545.0,8845.044
2015-07-22,6672.0,8245.0205,6672.000000000001,8170.3,6672.000000000001,8289.061,6672.0,8238.287
2015-07-27,5957.0,7498.9214,5957.0,7390.0186,5957.0,7504.9614,5957.0,7510.1724
2015-08-04,5242.0,6815.066,5242.0,6678.019,5242.0,6791.2217,5242.0,6841.644
2015-08-24,5957.0,6195.5977,5957.0,6036.4023,5957.0,6146.924,5957.0,6234.3135
2015-08-27,6831.0,6219.6133,6831.0,6071.8125,6831.0,6187.1,6831.0,6252.0605
2015-08-28,7784.0,6853.6953,7784.000000000001,6744.3906,7784.000000000001,6865.6836,7784.0,6862.432
2015-08-31,7862.999999999999,7750.2314,7942.0,7686.78,8101.0,7809.304,7862.999999999999,7729.0034
2015-09-01,8181.0,8190.368,8181.0,8146.871,8181.0,8259.574,8181.0,8153.123
2015-09-03,8340.0,8314.041,8340.0,8274.945,8340.0,8376.954,8340.0,8270.382
2015-09-08,8340.0,8358.829,8340.0,8321.073,8340.0,8417.819,8340.0,8312.355
2015-09-14,8340.0,8377.261,9531.0,8340.171,9531.0,8435.745,8340.0,8329.898
2015-10-02,7942.0,8611.623,7942.0,8583.367,7942.0,8691.013,7942.0,8561.197
2015-10-07,8181.0,8331.512,8181.0,8289.01,8181.0,8395.29,8181.0,8289.442
2015-10-09,8022.0,8235.8545,8101.0,8189.217,8101.0,8299.85,8022.0,8196.646
2015-10-13,7942.0,8209.176,8340.0,8161.8193,8340.0,8276.267,7942.0,8171.0493
2015-10-19,6910.000000000001,8232.745,6910.0,8186.1953,6910.0,8305.153,6910.000000000001,8195.072
2015-10-26,7942.0,7685.0923,7942.0,7612.4775,7942.0,7723.6147,7942.0,7661.182
2015-10-28,8340.0,7792.211,8340.0,7726.6147,8340.0,7844.756,8340.0,7765.0103
2015-11-09,8340.0,8231.323,7147.999999999999,8187.549,8340.0,8311.4375,7148.000000000001,8192.735
2015-11-12,8340.0,8271.782,8340.0,8230.732,8340.0,8351.353,8340.0,8231.305
2015-11-25,8340.0,8376.92,8340.0,8340.768,8340.0,8458.933,8340.0,8334.036
2015-11-26,9531.0,8404.562,9531.0,8369.04,9531.0,8483.179,9531.0,8362.094
2015-11-30,8101.0,8995.497,8101.0,8986.726,8101.0,9107.116,8101.0,8940.205
2015-12-22,7942.0,8618.699,7942.0,8589.434,7942.0,8695.81,7942.0,8574.936
2016-01-06,7942.0,8174.856,7942.0,8123.0195,7942.0,8224.437,7942.0,8143.81
2016-01-13,7704.0,8020.8784,7703.999999999999,7961.849,7703.999999999999,8067.2515,7704.0,7994.8936
2016-01-21,7704.0,7944.479,7703.999999999999,7882.2275,7703.999999999999,7990.7793,7704.0,7920.8306
2016-02-19,7942.0,7934.8545,7942.0,7872.547,7942.0,7983.0327,7942.0,7911.1973
2016-02-26,6751.0,8059.148,6751.0,8002.9697,6751.0,8115.432,6751.0,8031.8003
2016-03-03,7704.0,7572.538,7703.999999999999,7493.1133,7703.999999999999,7595.2524,7704.0,7556.3647
2016-03-07,8101.0,7638.9854,8101.0,7564.651,8101.0,7671.2134,8101.0,7619.8687
2016-03-14,7148.000000000001,8034.678,7147.999999999999,7980.3955,7147.999999999999,8092.5337,7148.000000000001,8004.372
2016-03-15,8181.0,7800.805,8181.0,7735.28,8181.0,7837.8057,8181.0,7775.1675
2016-03-16,7148.000000000001,8020.0317,7147.999999999999,7965.7246,7147.999999999999,8071.391,7148.000000000001,7987.8306
2016-03-17,7942.0,7743.4404,7942.0,7676.201,7942.0,7774.235,7942.0,7717.3486
2016-03-23,8101.0,7869.7876,8101.0,7809.825,8101.0,7911.524,8101.0,7839.6826
2016-03-24,8816.0,8124.362,9213.0,8077.0576,9213.0,8181.795,8816.0,8087.396
2016-03-25,9134.0,8680.712,9134.0,8658.436,9134.0,8771.17,9134.0,8630.861
2016-03-28,9134.0,9020.782,9213.0,9012.354,9213.0,9124.384,9054.0,8964.115
2016-03-29,10563.0,9087.314,9213.0,9079.416,10563.0,9188.1045,9213.0,9031.327
2016-03-30,11358.0,9573.194,10961.0,9587.639,11358.0,9706.351,10961.0,9506.886
2016-03-31,11914.0,10480.05,11914.0,10535.228,11914.0,10664.436,11914.0,10395.639
2016-04-01,10166.0,11151.552,10325.0,11234.338,10325.0,11362.42,10166.0,11057.921
2016-04-04,9531.0,10363.233,9531.0,10403.542,9531.0,10511.588,9531.0,10295.291
2016-04-05,9531.0,9585.028,9928.0,9583.444,9928.0,9689.897,9531.0,9541.538
2016-04-06,9531.0,9483.1875,9610.0,9472.314,9610.0,9595.552,9531.0,9446.985
2016-04-07,9213.0,9564.339,9531.0,9553.098,9531.0,9688.396,9213.0,9528.739
2016-04-08,10643.0,9496.884,9531.0,9477.811,10643.0,9617.819,9531.0,9464.747
2016-04-11,10166.0,9909.271,10722.0,9907.582,10722.0,10059.13,10166.0,9867.079
2016-04-12,10325.0,10198.814,10325.0,10206.985,10325.0,10361.666,10325.0,10151.508
2016-04-13,9928.0,10170.227,9769.0,10174.012,9928.0,10323.204,9769.0,10125.308
2016-04-14,10183.0,9876.021,10013.0,9863.699,10183.0,10006.608,10013.0,9839.504
2016-04-15,9589.0,9895.982,9758.0,9883.3,9758.0,10029.043,9589.0,9859.952
2016-04-19,9589.0,9750.112,9674.0,9728.842,9674.0,9873.562,9589.0,9718.503
2016-04-21,9589.0,9649.885,9589.0,9622.521,9589.0,9767.72,9589.0,9621.215
2016-04-22,9758.0,9616.426,9758.0,9586.634,9758.0,9732.358,9758.0,9588.505
2016-04-26,9843.0,9708.093,9843.0,9682.041,9843.0,9828.799,9843.0,9677.573
2016-04-27,9758.0,9803.561,9589.0,9781.434,9843.0,9927.271,9589.0,9770.313
2016-04-29,9758.0,9766.285,9758.0,9742.06,9758.0,9885.144,9758.0,9733.578
2016-05-04,9674.0,9746.719,9674.0,9721.469,9674.0,9862.934,9674.0,9714.363
2016-05-05,9758.0,9701.829,11116.0,9674.529,11116.0,9814.303,9758.0,9670.48
2016-05-09,11370.999999999998,9977.03,11371.0,9960.35,11371.0,10111.832,11370.999999999998,9941.307
2016-05-10,10861.0,10698.332,9674.0,10715.121,10861.0,10876.634,9674.0,10645.985
2016-05-12,10777.0,10515.581,10861.0,10524.752,10861.0,10677.461,10777.0,10467.099
2016-05-13,10607.0,10522.384,10861.0,10531.893,10861.0,10683.979,10183.0,10474.594
2016-05-16,10183.0,10460.16,10861.0,10465.669,10861.0,10619.012,10183.0,10415.382
2016-05-17,10861.0,10338.741,10861.0,10336.318,10861.0,10493.099,10861.0,10299.122
2016-05-18,9334.0,10517.113,9334.0,10521.881,9334.0,10684.205,9334.0,10474.14
2016-05-19,10692.0,9866.5205,10607.0,9839.113,10692.0,9990.351,10607.0,9839.199
2016-05-24,10607.0,10188.296,10607.0,10175.635,10607.0,10337.342,10607.0,10152.908
2016-05-25,10522.0,10470.493,10522.0,10470.114,10522.0,10632.907,10522.0,10427.821
2016-05-26,10437.0,10468.651,10437.0,10466.763,10437.0,10623.633,10437.0,10426.044
2016-05-27,10437.0,10362.459,10437.0,10354.307,10437.0,10506.316,10437.0,10322.889
2016-05-30,10183.0,10325.308,10183.0,10314.52,10183.0,10465.27,10183.0,10287.274
2016-05-31,10098.0,10210.081,10098.0,10193.202,10098.0,10341.97,10098.0,10175.326
2016-06-01,10183.0,10122.038,10183.0,10100.636,10183.0,10248.85,10183.0,10089.7295
2016-06-02,11031.0,10147.016,11031.0,10126.68,11031.0,10275.968,11031.0,10114.178
2016-06-06,10607.0,10625.644,10607.0,10627.747,10607.0,10783.259,10607.0,10581.301
2016-06-15,9843.0,10605.627,9843.0,10606.262,9843.0,10755.211,9758.0,10561.958
2016-06-16,9843.0,10098.45,9843.0,10074.701,9843.0,10214.227,9843.0,10067.453
2016-06-20,8401.0,9874.095,9843.0,9840.192,9843.0,9981.496,8401.0,9849.048
2016-06-21,9334.0,9408.369,9334.0,9350.821,9334.0,9498.158,8231.0,9396.837
2016-06-27,9334.0,9239.035,9334.0,9174.94,9334.0,9334.508,9334.0,9231.483
2016-06-29,9334.0,9385.8125,9334.0,9331.829,9334.0,9499.153,9334.0,9372.162
2016-06-30,9758.0,9476.803,9758.0,9430.056,9758.0,9595.822,9758.0,9457.528
2016-07-04,9758.0,9677.941,9758.0,9643.194,9758.0,9806.176,9758.0,9650.624
2016-07-06,9758.0,9746.971,9758.0,9717.377,9758.0,9873.652,9758.0,9715.578
2016-07-07,9758.0,9732.916,9758.0,9704.184,9758.0,9854.107,9758.0,9700.273
2016-07-08,9758.0,9718.406,9758.0,9690.326,9758.0,9836.182,9758.0,9685.139
2016-07-11,9843.0,9725.76,9843.0,9699.151,9843.0,9842.652,9843.0,9691.729
2016-07-12,9589.0,9785.462,9589.0,9762.518,9589.0,9905.025,9419.0,9749.669
2016-07-13,9504.0,9670.775,9504.0,9642.923,9504.0,9782.366,9504.0,9637.671
2016-07-15,9504.0,9573.53,9504.0,9541.737,9504.0,9679.973,9504.0,9542.762
2016-07-18,9504.0,9547.284,9504.0,9514.974,9504.0,9653.4375,9504.0,9517.012
2016-07-19,9334.0,9551.385,9504.0,9519.899,9504.0,9658.303,9334.0,9520.753
2016-07-20,9419.0,9496.207,9419.0,9462.336,9419.0,9600.132,9419.0,9466.907
2016-07-21,9334.0,9466.238,9334.0,9431.5205,9334.0,9568.953,9249.0,9437.399
2016-07-26,9334.0,9409.138,9334.0,9372.429,9334.0,9509.016,9334.0,9381.276
2016-07-27,9249.0,9391.22,9249.0,9354.54,9249.0,9490.749,9249.0,9363.281
2016-07-28,9334.0,9347.649,9334.0,9309.793,9504.0,9444.711,9334.0,9320.182
2016-08-01,9504.0,9386.975,9334.0,9351.807,9504.0,9487.564,9334.0,9358.054
2016-08-03,8910.0,9451.849,8910.0,9420.701,8910.0,9556.787,8910.0,9420.66
2016-08-04,9589.0,9207.558,9334.0,9165.605,9589.0,9296.155,9334.0,9181.762
2016-08-08,9419.0,9349.014,9334.0,9315.177,9419.0,9449.928,9334.0,9319.056
2016-08-09,9419.0,9435.466,9419.0,9406.633,9419.0,9541.241,9419.0,9402.798
2016-08-11,9419.0,9450.78,9504.0,9423.095,9504.0,9555.646,9419.0,9417.439
2016-08-12,9334.0,9448.064,9334.0,9420.322,9334.0,9551.797,9334.0,9414.861
2016-08-15,9334.0,9384.293,9334.0,9353.673,9334.0,9483.609,9334.0,9352.681
2016-08-16,9758.0,9355.961,9758.0,9324.233,9758.0,9454.133,9758.0,9325.007
2016-08-17,9843.0,9579.456,9758.0,9558.435,9843.0,9692.032,9758.0,9543.003
2016-08-22,9843.0,9737.398,9843.0,9723.535,9843.0,9857.196,9843.0,9697.176
2016-09-09,9843.0,9784.246,9843.0,9771.922,9843.0,9903.593,9843.0,9743.366
2016-09-12,10183.0,9777.436,10183.0,9764.035,10183.0,9894.288,10183.0,9737.494
2016-09-14,8655.0,9951.513,8995.0,9945.538,8995.0,10078.398,8655.0,9908.318
2016-09-21,9758.0,9344.866,9758.0,9308.603,9758.0,9432.962,9758.0,9317.717
2016-09-27,8316.0,9460.266,8316.0,9429.507,8316.0,9563.332,8316.0,9431.052
2016-10-03,8486.0,8967.562,8486.0,8913.489,8486.0,9041.547,8486.0,8950.06
2016-10-04,8825.0,8715.693,8825.0,8650.933,8825.0,8780.86,8825.0,8703.661
2016-10-05,8825.0,8852.269,8825.0,8795.8545,8825.0,8931.665,8825.0,8835.401
2016-10-06,8825.0,8979.081,8825.0,8929.988,8825.0,9065.969,8825.0,8957.27
2016-10-10,8825.0,8993.129,8825.0,8945.706,8825.0,9078.031,8825.0,8969.306
2016-10-11,8825.0,8955.166,8825.0,8907.0625,8825.0,9035.688,8825.0,8930.904
2016-10-12,8825.0,8925.471,8825.0,8877.301,8825.0,9003.613,8825.0,8900.79
2016-10-13,8825.0,8918.206,8825.0,8871.13,8825.0,8996.156,8825.0,8892.67
2016-10-14,8825.0,8922.374,8825.0,8876.875,8825.0,9000.988,8825.0,8895.774
2016-10-27,8740.0,8926.668,8825.0,8882.616,8825.0,9005.882,8740.0,8899.08
2016-10-31,8740.0,8899.848,8740.0,8855.4795,8740.0,8978.052,8740.0,8872.281
2016-11-02,8740.0,8864.491,8740.0,8819.481,8740.0,8941.412,8740.0,8837.098
2016-11-03,8825.0,8850.631,8825.0,8806.003,8825.0,8927.764,8825.0,8822.87
2016-11-07,8910.0,8892.706,8910.0,8851.0,8910.0,8973.233,8910.0,8863.246
2016-11-08,9504.0,8961.081,9504.0,8923.277,9504.0,9045.673,9504.0,8929.409
2016-11-09,9249.0,9291.436,8401.0,9269.516,9249.0,9395.571,8401.0,9251.452
2016-11-10,9164.0,9189.38,9164.0,9163.255,9164.0,9285.638,9164.0,9151.372
2016-11-11,9674.0,9166.358,9674.0,9139.425,9674.0,9261.536,9674.0,9129.26
2016-11-14,9758.0,9429.417,11031.0,9414.799,11116.0,9541.064,9758.0,9386.677
2016-11-15,9164.0,9865.281,9164.0,9867.693,9164.0,10005.767,9164.0,9815.527
2016-11-16,9504.0,9446.22,9504.0,9426.782,9504.0,9556.53,9504.0,9408.5625
2016-11-17,9334.0,9331.135,9164.0,9305.536,9334.0,9438.319,9164.0,9297.268
2016-11-21,9419.0,9291.558,9419.0,9264.029,9419.0,9399.861,9419.0,9258.831
2016-11-22,10777.0,9384.43,9419.0,9360.972,10777.0,9499.453,9419.0,9349.416
2016-11-23,12134.0,9920.986,10777.0,9923.649,12134.0,10072.124,10777.0,9871.893
2016-11-24,12559.0,10945.398,12134.0,10996.608,12559.0,11156.073,12134.0,10871.807
2016-11-25,12559.0,11663.54,12559.0,11746.835,12559.0,11901.907,12474.0,11576.817
2016-11-28,10692.0,11774.38,10692.0,11859.356,10692.0,12002.041,10692.0,11690.76
2016-11-29,10692.0,10774.021,10692.0,10807.043,10692.0,10931.347,10692.0,10719.013
2016-11-30,11880.0,10417.99,11880.0,10429.328,11880.0,10561.441,11880.0,10375.909
2016-12-06,10692.0,11172.836,10692.0,11214.793,10692.0,11368.713,10692.0,11115.195
2016-12-07,10692.0,10921.748,11031.0,10945.878,11795.0,11093.816,10692.0,10871.621
2016-12-08,10692.0,10809.87,11540.0,10822.376,12304.0,10976.763,10692.0,10765.259
2016-12-13,10437.0,10897.658,10437.0,10908.021,10437.0,11076.852,10437.0,10854.505
2016-12-14,10522.0,10551.336,10522.0,10542.034,10522.0,10709.989,10522.0,10517.6875
2016-12-16,10522.0,10440.063,10522.0,10423.722,10522.0,10594.4795,10522.0,10409.206
2016-12-19,10522.0,10469.148,10522.0,10453.246,10522.0,10625.438,10522.0,10436.879
2016-12-30,11880.0,10497.984,11880.0,10482.846,11880.0,10653.193,11880.0,10464.081
2017-01-04,12049.0,11232.832,10098.0,11251.907,12049.0,11429.011,10098.0,11180.784
2017-01-06,10013.0,11267.667,10013.0,11290.193,10013.0,11460.618,10013.0,11213.084
2017-01-09,10183.0,10487.033,10183.0,10473.233,10183.0,10627.032,10183.0,10451.562
2017-01-10,10607.0,10167.97,10607.0,10139.429,10607.0,10294.18,10607.0,10141.269
2017-01-11,11710.0,10397.045,11710.0,10379.67,11710.0,10542.363,11710.0,10364.878
2017-01-12,11455.000000000002,11157.726,11710.0,11175.724,11710.0,11347.122,10183.0,11106.938
2017-01-13,10607.0,11165.477,10607.0,11181.965,10607.0,11349.204,10607.0,11115.018
2017-01-19,12134.0,10680.795,12134.0,10673.891,12134.0,10831.933,12134.0,10642.811
2017-01-20,12134.0,11322.949,12134.0,11346.185,12134.0,11517.265,12134.0,11270.213
2017-01-24,10352.0,11701.344,10352.0,11741.692,10352.0,11911.972,10352.0,11639.998
2017-01-25,11455.000000000002,10809.626,11031.0,10806.562,11455.0,10957.682,11031.0,10769.7705
2017-02-08,10607.0,10885.581,10607.0,10885.55,10607.0,11046.48,10607.0,10844.613
2017-02-14,12049.0,10762.663,11880.0,10755.986,12049.0,10917.677,11710.0,10724.556
2017-02-20,10183.0,11397.402,10183.0,11419.775,10183.0,11592.95,10183.0,11344.089
2017-02-24,11710.0,10730.644,11710.0,10720.494,11710.0,10876.934,11710.0,10692.982
2017-02-28,11116.0,11102.308,11201.0,11108.882,11201.0,11274.587,11116.0,11056.514
2017-03-02,9504.0,11097.308,9504.0,11102.771,9504.0,11265.906,9504.0,11051.937
2017-03-03,10861.0,10185.989,10861.0,10147.794,10861.0,10296.461,10861.0,10162.541
2017-03-06,11201.0,10442.668,11201.0,10417.295,11201.0,10578.886,11201.0,10413.343
2017-03-09,11710.0,10951.354,11201.0,10950.463,11710.0,11119.256,11201.0,10908.862
2017-03-14,11710.0,11272.24,11710.0,11287.273,11710.0,11454.866,11710.0,11221.095
2017-03-15,10267.0,11396.479,11880.0,11417.773,11880.0,11580.091,10267.0,11342.666
2017-03-21,11286.0,10924.977,12304.0,10921.121,13322.0,11081.626,11201.0,10885.603
2017-03-23,13152.999999999998,11235.249,13153.0,11243.654,13153.0,11426.688,13152.999999999998,11192.125
2017-04-03,13152.999999999998,12199.433,13153.0,12253.964,13153.0,12452.422,13152.999999999998,12134.006
2017-04-04,12728.0,12501.732,12728.0,12571.461,12728.0,12761.783,12728.0,12429.562
2017-04-19,11201.0,12254.307,11201.0,12312.042,11201.0,12489.91,11201.0,12188.695
2017-04-20,11031.0,11404.287,11031.0,11419.995,11031.0,11585.921,11031.0,11359.553
2017-04-21,11031.0,11076.849,11031.0,11074.735,11031.0,11245.511,11031.0,11040.661
2017-04-24,12643.0,11100.82,12643.0,11097.54,12643.0,11275.288,12643.0,11063.53
2017-05-05,12559.0,12024.994,12559.0,12063.108,12559.0,12253.911,12559.0,11965.048
2017-05-09,11031.0,12241.429,11031.0,12287.845,11031.0,12469.698,11031.0,12176.46
2017-05-10,10183.0,11336.4375,10946.0,11338.466,10946.0,11499.928,10183.0,11293.375
2017-05-11,10183.0,10671.072,10607.0,10639.123,10607.0,10802.714,10183.0,10646.696
2017-05-17,9843.0,10478.015,10183.0,10436.225,10183.0,10611.441,9843.0,10459.55
2017-05-23,10183.0,10311.216,10183.0,10261.939,10183.0,10443.133,10183.0,10295.8955
2017-05-24,10183.0,10333.85,10183.0,10287.571,10183.0,10471.407,10183.0,10315.509
2017-05-25,9928.0,10341.4375,9928.0,10298.142,9928.0,10479.038,9928.0,10319.83
2017-05-29,10183.0,10170.909,10183.0,10122.601,10183.0,10295.975,10183.0,10150.495
2017-05-30,9928.0,10189.657,10183.0,10145.716,10183.0,10315.992,9928.0,10166.2705
2017-06-05,10183.0,10135.642,10183.0,10092.258,10183.0,10258.754,10183.0,10111.653
2017-06-07,10098.0,10168.566,10098.0,10130.238,10098.0,10294.232,10098.0,10141.853
2017-06-08,10098.0,10149.428,10098.0,10113.623,10098.0,10273.597,10098.0,10121.305
2017-06-09,10183.0,10128.099,10098.0,10094.494,10437.0,10251.026,10098.0,10098.848
2017-06-13,10267.0,10180.202,10267.0,10151.974,10267.0,10308.034,10267.0,10148.36
2017-06-20,10360.0,10233.608,10175.0,10210.467,10360.0,10364.789,10175.0,10199.33
2017-06-29,11100.0,10259.276,11100.0,10239.699,11100.0,10392.037,11100.0,10223.341
2017-06-30,10730.0,10690.414,10730.0,10692.879,10730.0,10849.139,10730.0,10643.627
2017-07-04,10638.0,10677.944,10175.0,10680.72,10638.0,10830.282,10175.0,10631.489
2017-07-05,10638.0,10463.205,10638.0,10456.849,10638.0,10601.961,10638.0,10422.034
2017-07-10,9250.0,10476.703,9250.0,10471.565,9250.0,10618.751,9250.0,10435.833
2017-07-12,9712.0,9823.918,9712.0,9788.098,9712.0,9926.28,9712.0,9799.014
2017-07-18,9898.0,9701.73,10175.0,9660.952,10175.0,9804.802,9898.0,9679.935
2017-07-19,10082.0,9928.337,10175.0,9898.586,10175.0,10051.068,10082.0,9900.694
2017-07-20,10082.0,10099.391,10082.0,10077.818,10082.0,10231.829,10082.0,10066.787
2017-07-21,9898.0,10093.971,9898.0,10072.407,9898.0,10222.795,9898.0,10060.658
2017-07-24,9898.0,9954.961,9898.0,9927.407,9898.0,10073.412,9898.0,9924.365
2017-07-25,9898.0,9891.086,9898.0,9861.462,9898.0,10006.432,9898.0,9861.497
2017-07-26,9898.0,9895.269,9898.0,9866.914,9898.0,10011.941,9898.0,9864.966
2017-07-28,9712.0,9911.078,9712.0,9884.45,9712.0,10028.959,9712.0,9879.745
2017-07-31,9712.0,9818.439,11008.0,9788.322,11008.0,9930.289,9712.0,9788.738
2017-08-18,11008.0,9999.023,11008.0,9975.966,11008.0,10128.282,11008.0,9966.657
2017-08-21,10175.0,10517.203,10175.0,10518.957,10175.0,10679.424,10175.0,10472.454
2017-08-24,9712.0,10302.535,9620.0,10294.607,9712.0,10445.475,9620.0,10262.662
2017-08-25,10915.0,9861.186,10915.0,9833.086,10915.0,9977.191,10915.0,9831.732
2017-08-28,9342.0,10361.343,9342.0,10357.914,9342.0,10513.334,9342.0,10319.462
2017-09-05,9342.0,9895.108,9342.0,9869.704,9342.0,10013.32,9342.0,9863.911
2017-09-06,9342.0,9531.69,9342.0,9489.436,9342.0,9630.382,9342.0,9509.147
2017-09-07,9712.0,9440.996,9712.0,9395.516,9712.0,9539.338,9712.0,9420.126
2017-09-12,9805.0,9655.381,9805.0,9621.12,9805.0,9769.488,9805.0,9628.275
2017-09-20,9712.0,9816.646,9712.0,9790.575,9712.0,9937.898,9712.0,9784.6045
2017-09-25,9990.0,9782.304,9990.0,9754.992,9990.0,9897.257,9990.0,9750.412
2017-10-02,9990.0,9865.096,9990.0,9842.259,9990.0,9983.45,9990.0,9830.881
2017-10-04,9990.0,9920.601,9990.0,9900.92,9990.0,10040.545,9990.0,9884.921
2017-10-11,10360.0,9936.116,10175.0,9917.601,10360.0,10055.654,10175.0,9900.109
2017-10-20,8788.0,10101.548,8788.0,10091.374,8788.0,10231.433,8788.0,10061.585
2017-10-23,9435.0,9435.419,9435.0,9393.954,9435.0,9521.904,9435.0,9411.565
2017-10-31,9712.0,9349.153,9712.0,9304.833,9712.0,9438.237,9712.0,9327.487
2017-11-03,8325.0,9611.17,8325.0,9580.4,8325.0,9720.964,8325.0,9582.421
2017-11-06,9528.0,9066.916,9528.0,9010.919,9528.0,9140.656,9528.0,9050.262
2017-11-07,9528.0,9268.091,9528.0,9223.235,9528.0,9360.3125,9528.0,9245.468
2017-11-08,8139.999999999999,9514.918,8140.0,9482.82,8140.0,9621.973,8139.999999999999,9484.967
2017-11-09,9342.0,8899.729,9342.0,8839.24,9342.0,8964.384,9342.0,8883.446
2017-11-14,9435.0,9061.568,9435.0,9010.922,9435.0,9142.937,9435.0,9040.225
2017-11-17,9990.0,9368.88,9990.0,9334.397,9990.0,9470.093,9990.0,9338.666
2017-11-21,10175.0,9772.491,10175.0,9757.781,10175.0,9894.957,10175.0,9731.558
2017-11-27,10175.0,9999.709,9805.0,9995.682,10175.0,10129.496,9805.0,9953.241
2017-11-28,10175.0,9968.223,10175.0,9962.845,10175.0,10092.213,10175.0,9922.887
2017-11-29,10175.0,9997.556,10175.0,9993.433,10175.0,10122.674,10175.0,9952.613
2017-11-30,9435.0,10034.866,9805.0,10032.003,9805.0,10162.1455,9435.0,9990.349
2017-12-12,10175.0,9747.219,10175.0,9729.241,10175.0,9858.052,10175.0,9711.519
2017-12-14,9990.0,9902.608,9990.0,9891.223,9990.0,10027.699,9990.0,9864.31
2017-12-25,9990.0,9964.668,10082.0,9955.224,10082.0,10093.422,9990.0,9925.501
2017-12-26,8695.0,9975.27,8695.0,9964.995,8695.0,10103.67,8695.0,9936.574
2017-12-28,9990.0,9303.719,9990.0,9260.607,9990.0,9389.314,9990.0,9281.644
2017-12-29,9990.0,9584.569,9990.0,9555.081,9990.0,9695.412,9990.0,9555.768
2018-01-02,9805.0,9902.262,9528.0,9887.454,9805.0,10031.672,9528.0,9865.355
2018-01-05,10082.0,9837.089,8788.0,9818.757,10082.0,9958.062,8788.0,9801.361
2018-01-11,9528.0,9705.469,9528.0,9682.272,9528.0,9821.482,9435.0,9671.946
2018-01-12,9528.0,9602.8545,9528.0,9575.705,9528.0,9714.697,9528.0,9571.881
2018-01-17,10082.0,9553.661,10082.0,9524.742,10082.0,9663.552,10082.0,9524.028
2018-01-18,9712.0,9821.468,9712.0,9805.331,9712.0,9948.011,9712.0,9785.376
2018-01-19,9712.0,9773.251,9712.0,9754.252,9712.0,9892.424,9712.0,9738.325
2018-01-23,9712.0,9688.226,9712.0,9664.608,9712.0,9800.334,9712.0,9655.468
2018-01-24,9712.0,9668.1,9712.0,9643.139,9712.0,9779.018,9712.0,9635.891
2018-01-29,9712.0,9688.429,9342.0,9664.089,9712.0,9800.667,9250.0,9655.663
2018-02-01,10175.0,9637.641,10175.0,9611.021,10175.0,9748.03,10175.0,9605.673
2018-02-05,9342.0,9931.072,9342.0,9918.3125,9342.0,10060.296,9342.0,9891.879
2018-02-09,10638.0,9655.218,10638.0,9628.935,10638.0,9763.216,10638.0,9622.683
2018-02-13,9990.0,10113.59,9990.0,10108.703,9990.0,10251.277,9990.0,10070.241
2018-02-21,10268.0,10070.126,10268.0,10062.338,10268.0,10199.575,10268.0,10028.281
2018-02-22,9990.0,10094.299,9990.0,10086.785,9990.0,10223.35,9990.0,10052.697
2018-02-23,9990.0,9988.653,9990.0,9975.374,9990.0,10110.184,9990.0,9950.477
2018-02-26,10082.0,9943.239,10082.0,9927.19,10082.0,10062.989,10082.0,9906.961
2018-02-28,10082.0,10000.401,9990.0,9986.468,10082.0,10124.658,9990.0,9963.348
2018-03-01,10175.0,10025.021,11378.0,10011.672,11378.0,10150.627,10082.0,9987.768
2018-03-02,10638.0,10302.06,10360.0,10298.792,10638.0,10449.222,10360.0,10260.693
2018-03-05,10268.0,10372.224,10638.0,10371.553,10638.0,10523.751,10268.0,10330.043
2018-03-06,10638.0,10301.972,10638.0,10296.9375,10638.0,10449.461,10638.0,10262.573
2018-03-07,10638.0,10384.383,10268.0,10382.903,10638.0,10537.516,10268.0,10343.457
2018-03-08,11100.0,10397.234,10638.0,10396.383,11100.0,10550.866,10638.0,10355.84
2018-03-09,10730.0,10637.655,11100.0,10648.212,11100.0,10806.034,10730.0,10590.33
2018-03-13,10360.0,10706.743,10360.0,10718.968,11008.0,10876.001,10360.0,10658.98
2018-03-14,10175.0,10485.319,10175.0,10485.339,10175.0,10639.938,10175.0,10444.337
2018-03-15,9898.0,10202.362,9898.0,10187.789,9898.0,10340.694,9898.0,10169.079
2018-03-16,9898.0,9983.594,9898.0,9957.905,9898.0,10111.092,9898.0,9955.837
2018-03-20,11008.0,9935.922,10175.0,9907.562,11008.0,10062.767,10175.0,9908.956
2018-03-21,10452.0,10393.151,10452.0,10387.045,10452.0,10551.067,10452.0,10353.713
2018-03-23,10638.0,10477.382,8972.0,10474.911,10638.0,10633.559,8972.0,10435.424
2018-03-28,10638.0,10201.356,10175.0,10187.339,10638.0,10340.833,10175.0,10164.711
2018-03-30,11100.0,10293.641,10638.0,10285.324,11100.0,10442.059,10638.0,10254.607
2018-04-02,10175.0,10618.764,10915.0,10626.462,10915.0,10786.805,10175.0,10572.003
2018-04-03,11100.0,10457.457,11008.0,10455.48,11100.0,10612.007,11008.0,10416.431
2018-04-04,11100.0,10615.291,11100.0,10619.624,11100.0,10779.418,11100.0,10571.586
2018-04-05,12765.0,10773.588,11100.0,10784.162,12764.999999999998,10944.309,11100.0,10726.683
2018-04-06,13042.0,11453.163,13041.999999999998,11496.243,13041.999999999998,11666.915,13042.0,11389.225
2018-04-09,13042.0,12231.296,13041.999999999998,12309.73,13041.999999999998,12482.314,13042.0,12150.955
2018-04-10,13042.0,12341.076,12764.999999999998,12422.159,13041.999999999998,12583.83,12765.0,12261.404
2018-04-11,12858.000000000002,12258.387,12858.0,12332.192,12858.0,12488.905,12858.000000000002,12183.995
2018-04-12,12488.0,12273.655,12487.999999999998,12343.659,12672.0,12502.347,12488.0,12202.296
2018-04-17,13412.0,12180.745,13412.0,12240.976,13412.0,12402.2705,13412.0,12114.455
2018-04-19,12488.0,12681.806,13412.0,12760.028,13412.0,12932.27,12488.0,12606.395
2018-04-20,13500.0,12530.295,13500.0,12593.984,13500.0,12767.6455,13500.0,12461.69
2018-04-26,11562.0,12780.109,11562.0,12850.36,11562.0,13031.58,11562.0,12708.502
2018-05-04,11562.0,11895.154,11562.0,11918.985,11562.0,12089.089,11562.0,11845.39
2018-05-07,11562.0,11563.995,11562.0,11568.075,11562.0,11744.159,11562.0,11523.583
2018-05-08,11562.0,11591.801,11562.0,11593.967,11562.0,11778.087,11562.0,11550.614
2018-05-14,11285.0,11618.822,11285.0,11619.926,11285.0,11805.888,11285.0,11576.141
2018-05-15,11378.0,11422.861,12487.999999999998,11413.392,12487.999999999998,11595.104,11378.0,11383.979
2018-05-16,12488.0,11561.718,12487.999999999998,11556.428,12487.999999999998,11746.171,12488.0,11520.696
2018-05-24,11192.0,11991.815,11285.0,12007.428,11285.0,12202.247,11192.0,11940.441
2018-05-28,12025.0,11460.1045,12025.0,11452.025,12025.0,11633.111,12025.0,11420.391
2018-06-06,11100.0,11619.937,11100.0,11621.095,11100.0,11806.178,11100.0,11576.049
2018-06-07,11100.0,11308.133,12672.0,11296.401,12672.0,11474.649,11100.0,11270.39
2018-06-08,11100.0,11439.311,11100.0,11432.5205,11100.0,11622.398,11100.0,11399.934
2018-06-12,12600.0,11195.623,12600.0,11179.022,12600.0,11366.459,12600.0,11161.362
2018-07-06,11600.0,11912.933,11600.0,11932.478,11600.0,12130.278,11600.0,11860.213
2018-07-12,11500.0,11675.993,11500.0,11686.63,11500.0,11870.882,11500.0,11627.167
2018-07-20,11199.999999999998,11407.899,11200.0,11407.42,11200.0,11584.772,11199.999999999998,11364.773
2018-07-23,12800.0,11205.398,12700.000000000002,11196.687,12800.0,11371.619,12700.0,11166.546
2018-07-24,13000.0,12047.364,13000.0,12079.5625,13000.0,12266.953,13000.0,11987.85
2018-07-27,11500.0,12497.565,11500.0,12551.788,11500.0,12734.935,11500.0,12427.452
2018-07-30,13100.0,11690.055,13100.0,11706.4375,13100.0,11869.063,13100.0,11639.345
2018-08-01,11600.0,12246.752,11600.0,12288.852,11600.0,12464.137,11600.0,12184.452
2018-08-02,12700.0,11799.846,12700.000000000002,11820.088,12700.000000000002,11986.246,12600.0,11748.302
2018-08-08,11700.0,12135.586,11700.0,12170.455,11700.0,12345.379,11700.0,12077.178
2018-08-10,11700.0,11807.0205,11700.0,11825.254,11700.0,11994.251,11700.0,11756.612
2018-08-13,11700.0,11620.942,11700.0,11629.245,11700.0,11798.837,11700.0,11575.615
2018-08-21,12000.0,11606.181,11900.0,11612.906,12000.0,11785.6045,11900.000000000002,11561.4
2018-08-27,11600.0,11764.243,11600.0,11777.941,11600.0,11954.151,11600.0,11715.484
2018-08-28,11600.0,11610.933,11600.0,11617.144,11600.0,11789.413,11600.0,11565.482
2018-08-29,11600.0,11507.33,11600.0,11508.64,11600.0,11679.867,11600.0,11464.293
2018-09-04,11600.0,11490.56,11600.0,11491.367,11600.0,11663.179,11600.0,11447.709
2018-09-05,12400.0,11496.138,12400.0,11497.715,12400.0,11669.565,12400.0,11452.755
2018-09-25,12400.0,11931.864,12400.0,11954.571,12400.0,12131.707,12400.0,11877.848
2018-10-04,11800.0,12080.852,11800.0,12111.221,11800.0,12284.895,11800.0,12023.098
2018-10-11,11199.999999999998,11741.576,11200.0,11756.414,11200.0,11921.646,11199.999999999998,11692.005
2018-10-16,12200.0,11300.026,12200.0,11294.296,12200.0,11456.088,12200.0,11261.432
2018-11-05,11199.999999999998,11745.478,11200.0,11761.034,11200.0,11934.993,11199.999999999998,11696.401
2018-11-16,11199.999999999998,11450.445,10500.0,11452.215,11200.0,11619.497,10000.0,11407.487
2018-11-19,10300.0,11049.756,10300.0,11033.623,10300.0,11200.543,10300.0,11015.629
2018-11-20,11100.0,10649.112,11000.0,10615.5,11100.0,10782.1455,11000.0,10624.213
2018-11-21,11100.0,10898.257,11100.0,10878.162,11100.0,11053.637,11100.0,10866.3
2018-11-26,12000.0,11066.365,11300.0,11055.669,12000.0,11230.826,11300.0,11028.722
2018-11-28,11500.0,11406.833,11500.0,11414.35,11500.0,11591.115,11500.0,11359.263
2018-12-07,11300.0,11372.43,11200.0,11379.9795,11300.0,11549.338,11199.999999999998,11324.937
2018-12-10,11300.0,11161.298,11300.0,11160.175,11300.0,11323.528,11300.0,11118.642
2018-12-11,11300.0,11119.219,11300.0,11117.084,11300.0,11280.655,11300.0,11077.614
2018-12-18,11000.0,11156.007,11000.0,11156.275,11000.0,11320.933,11000.0,11113.306
2018-12-19,11100.0,11022.3,11000.0,11016.661,11100.0,11178.962,11000.0,10982.409
2018-12-20,11000.0,10990.377,11100.0,10983.703,11100.0,11146.742,11000.0,10950.854
2018-12-21,11000.0,10984.837,11000.0,10978.149,11000.0,11142.011,11000.0,10945.172
2018-12-24,11000.0,10955.059,11000.0,10947.399,11000.0,11110.678,11000.0,10915.723
2018-12-25,10200.0,10935.469,10400.0,10927.434,10400.0,11090.074,10200.0,10896.214
2018-12-28,11000.0,10547.342,11000.0,10521.314,11000.0,10678.981,11000.0,10517.205
2019-01-02,10700.0,10741.255,10700.0,10725.448,10700.0,10889.811,10700.0,10706.12
2019-01-07,11000.0,10746.975,10800.0,10732.557,11000.0,10895.43,10800.0,10710.74
2019-01-14,11000.0,10817.133,11000.0,10807.382,11000.0,10970.003,11000.0,10778.312
2019-01-15,12600.0,10880.56,12600.0,10875.012,12600.0,11036.1875,12600.0,10839.664
2019-01-17,14400.0,11773.806,14400.0,11811.153,14400.0,11982.248,14400.0,11711.666
2019-01-18,12299.999999999998,13132.358,12300.0,13234.05,12300.0,13411.792,12299.999999999998,13040.124
2019-01-28,13000.0,12211.979,14099.999999999998,12270.655,14099.999999999998,12417.716,12000.0,12142.999
2019-01-30,13900.0,12306.282,13900.000000000002,12365.158,13900.000000000002,12528.617,13900.0,12240.062
2019-02-01,13500.0,12995.602,13500.0,13084.878,13500.0,13264.599,13500.0,12916.317
2019-02-11,12000.0,12994.278,12000.0,13081.025,12000.0,13257.92,12000.0,12916.924
2019-02-12,13800.0,12121.748,13800.0,12163.615,13800.0,12329.726,13800.0,12066.226
2019-02-13,12800.0,12894.534,12800.0,12968.42,12800.0,13154.594,12800.0,12822.356
2019-02-15,12000.0,12711.326,12000.0,12771.895,12000.0,12952.882,12000.0,12643.505
2019-02-18,13800.0,12090.582,13800.0,12117.294,13800.0,12291.436,13800.0,12038.184
2019-02-19,12000.0,12935.362,12100.0,12997.89,12100.0,13190.233,12000.0,12864.335
2019-02-20,12000.0,12310.172,12000.0,12339.672,12000.0,12518.759,12000.0,12253.548
2019-02-21,12000.0,11936.23,12000.0,11945.218,12000.0,12123.984,12000.0,11889.669
2019-02-22,12000.0,11918.687,12000.0,11924.903,12000.0,12109.349,12000.0,11872.944
2019-02-25,12000.0,11959.562,13800.0,11966.601,13800.0,12153.443,12000.0,11912.428
2019-03-01,12000.0,12289.229,12000.0,12307.993,12000.0,12508.464,12000.0,12236.439
2019-03-12,13800.0,11961.451,13800.0,11965.324,13800.0,12160.134,13800.0,11916.445
2019-03-14,11800.0,12848.618,11800.0,12895.873,11800.0,13103.346,11800.0,12782.33
2019-03-15,11800.0,12103.86,11800.0,12117.921,11800.0,12304.573,11800.0,12053.283
2019-03-18,13500.0,11727.075,13500.0,11724.297,13500.0,11908.511,13500.0,11685.358
2019-03-21,13500.0,12704.522,13300.0,12748.783,13500.0,12949.457,13300.0,12638.931
2019-03-22,12500.0,13011.05,12500.0,13070.98,12500.0,13265.634,12500.0,12937.306
2019-03-25,12500.0,12427.672,12500.0,12460.654,12500.0,12639.478,12500.0,12367.671
2019-03-26,14300.000000000002,12235.552,14300.0,12259.098,14300.0,12438.504,14300.000000000002,12181.182
2019-03-28,12500.0,13341.493,12200.0,13416.543,12500.0,13613.315,12200.0,13261.796
2019-04-01,14300.000000000002,12605.943,14300.0,12646.193,14300.0,12823.8,14300.000000000002,12542.567
2019-04-05,16400.0,13310.677,16400.0,13382.87,16400.0,13573.307,16400.0,13232.568
2019-04-10,14000.0,14892.4,14000.0,15038.388,14000.0,15242.678,14000.0,14779.858
2019-05-06,12000.0,13687.084,12000.0,13775.684,12000.0,13949.412,12000.0,13602.504
2019-05-08,12000.0,12315.0,11500.0,12335.542,12000.0,12500.7,11000.0,12265.849
2019-05-09,11500.0,11982.06,11500.0,11983.47,11500.0,12167.263,11500.0,11942.737
2019-05-10,13200.000000000002,11956.522,13200.000000000002,11953.62,13200.000000000002,12150.109,13200.000000000002,11916.769
2019-05-14,15100.0,12812.362,15100.000000000002,12847.5205,15100.000000000002,13058.63,15100.0,12750.717
2019-05-30,12900.0,14051.139,17300.0,14144.067,17300.0,14360.511,12900.0,13960.181
2019-06-03,15447.0,13730.036,15447.0,13799.998,15447.0,14017.558,15447.0,13651.704
2019-06-06,13200.000000000002,14011.168,13200.000000000002,14095.989,13200.000000000002,14321.67,13200.000000000002,13930.262
2019-06-12,15100.0,13149.731,15100.000000000002,13195.139,15100.000000000002,13409.944,15100.0,13088.313
2019-06-20,12900.0,14118.478,17300.0,14209.521,17300.0,14441.858,12900.0,14033.426
2019-06-27,12299.999999999998,14075.771,12000.0,14155.236,12300.0,14401.371,11800.0,13994.621
2019-06-28,12000.0,12548.987,12100.0,12555.231,12100.0,12788.241,11800.0,12504.095
2019-07-01,12200.0,12142.699,12000.0,12128.493,12200.0,12373.275,12000.0,12106.921
2019-07-02,13900.0,12315.5,13900.000000000002,12309.761,13900.000000000002,12562.798,13900.0,12271.163
2019-07-03,13900.0,13349.435,13800.0,13393.907,13900.000000000002,13652.396,13800.0,13276.642
2019-07-04,13900.0,13451.481,13800.0,13503.213,13900.000000000002,13741.631,13100.0,13373.828
2019-07-05,13000.0,13214.19,13300.0,13256.505,13300.0,13480.382,13000.0,13141.359
2019-07-08,12400.0,12872.164,13000.0,12899.123,13000.0,13115.521,12200.0,12808.201
2019-07-09,12400.0,12545.575,13399.999999999998,12556.643,13399.999999999998,12773.112,12400.0,12490.485
2019-07-10,13500.0,12588.012,12400.0,12599.937,13500.0,12825.1,12400.0,12533.31
2019-07-11,13500.0,12819.054,13000.0,12844.6455,13800.0,13074.471,13000.0,12757.336
2019-07-12,13200.000000000002,13059.059,13200.000000000002,13099.069,13200.000000000002,13327.69,13200.000000000002,12990.31
2019-07-15,13000.0,12938.069,13000.0,12974.653,13000.0,13192.9375,13000.0,12871.42
2019-07-16,13000.0,12738.023,13000.0,12766.297,13000.0,12976.676,13000.0,12675.752
2019-07-17,12500.0,12712.034,12500.0,12739.527,13000.0,12947.372,12500.0,12650.154
2019-07-18,12900.0,12534.911,12600.0,12553.966,13000.0,12759.112,12600.0,12476.986
2019-07-19,13000.0,12586.82,12899.999999999998,12608.849,13200.000000000002,12815.494,12800.0,12527.271
2019-07-22,12900.0,12724.428,12600.0,12753.565,12899.999999999998,12960.97,12600.0,12661.284
2019-07-23,12900.0,12629.566,12899.999999999998,12655.411,12899.999999999998,12858.092,12900.0,12568.139
2019-07-24,13100.0,12631.007,13100.0,12657.727,13100.0,12858.102,13100.0,12569.596
2019-07-25,13100.0,12749.721,13000.0,12782.66,13100.0,12982.129,13000.0,12685.576
2019-07-26,13300.0,12765.791,13000.0,12800.148,13300.0,12996.647,13000.0,12701.197
2019-07-29,13100.0,12836.484,13100.0,12874.999,13100.0,13070.713,13100.0,12770.209
2019-07-30,13100.0,12818.256,13000.0,12856.33,13100.0,13049.66,13000.0,12752.66
2019-07-31,13000.0,12784.332,13000.0,12820.987,13000.0,13012.948,12900.0,12719.798
2019-08-01,12900.0,12738.173,12899.999999999998,12772.509,12899.999999999998,12963.902,12900.0,12675.013
2019-08-02,12900.0,12687.651,12899.999999999998,12719.367,12899.999999999998,12910.326,12900.0,12625.913
2019-08-05,12299.999999999998,12676.112,12800.0,12707.001,12800.0,12898.136,12299.999999999998,12614.764
2019-08-07,12000.0,12442.084,11500.0,12460.744,12000.0,12651.508,11500.0,12386.823
2019-08-08,13500.0,11999.613,13500.0,11997.976,13500.0,12186.973,13000.0,11954.477
2019-08-09,13900.0,12763.226,13900.000000000002,12798.224,14500.0,13004.005,13900.0,12699.822
2019-08-12,12800.0,13400.751,12800.0,13466.972,12800.0,13676.033,12800.0,13322.358
2019-08-13,13000.0,12719.641,12000.0,12755.323,13000.0,12945.04,12000.0,12656.835
2019-08-15,12200.0,12403.492,12100.0,12425.824,12200.0,12616.169,12100.000000000002,12348.201
2019-08-16,12500.0,12217.446,12500.0,12231.568,12500.0,12424.175,12299.999999999998,12166.358
2019-08-19,12500.0,12325.863,12500.0,12344.943,12500.0,12542.109,12500.0,12271.692
2019-08-20,12500.0,12366.617,12500.0,12387.466,12500.0,12583.51,12500.0,12310.75
2019-08-21,12500.0,12321.773,12500.0,12340.447,12500.0,12533.22,12500.0,12266.417
2019-08-22,12800.0,12287.136,11200.0,12304.309,12800.0,12494.877,11199.999999999998,12232.255
2019-08-23,12500.0,12161.241,11400.0,12174.929,12500.0,12365.901,11400.0,12107.624
2019-08-26,12500.0,12099.598,11200.0,12113.343,12500.0,12306.06,11199.999999999998,12046.279
2019-08-27,12700.0,12035.958,11300.0,12049.983,12700.000000000002,12243.69,11300.0,11982.903
2019-08-29,12500.0,12081.788,13100.0,12101.327,13100.0,12297.0625,12500.0,12026.463
2019-08-30,12500.0,12335.486,12000.0,12367.003,12500.0,12566.413,11400.0,12275.313
2019-09-03,12000.0,12041.537,11500.0,12059.904,12000.0,12253.541,11500.0,11988.305
2019-09-04,11800.0,11727.043,11600.0,11731.505,12000.0,11922.821,11600.0,11681.222
2019-09-05,11500.0,11649.678,11700.0,11650.86,11700.0,11844.887,11500.0,11605.292
2019-09-06,11700.0,11550.23,11700.0,11546.335,11800.0,11740.403,11700.0,11507.519
2019-09-09,11199.999999999998,11577.706,11200.0,11574.948,11200.0,11769.366,11199.999999999998,11533.336
2019-09-10,10600.0,11316.643,10600.0,11301.748,10600.0,11490.06,10600.0,11277.157
2019-09-11,11800.0,10883.068,11700.0,10848.338,11800.0,11030.44,11700.0,10852.77
2019-09-12,11100.0,11359.432,12000.0,11348.676,12000.0,11540.295,11100.0,11316.507
2019-09-13,11900.000000000002,11434.259,11200.0,11426.973,11900.0,11618.135,11199.999999999998,11389.392
2019-09-16,11500.0,11452.15,11100.0,11448.34,11500.0,11637.787,11100.0,11405.859
2019-09-17,11500.0,11325.396,11500.0,11318.844,11500.0,11503.985,11500.0,11281.148
2019-09-18,11700.0,11345.9,11400.0,11342.946,11700.0,11526.314,11400.0,11300.668
2019-09-19,11700.0,11418.872,11400.0,11421.773,11700.0,11603.617,11400.0,11371.19
2019-09-20,11400.0,11444.92,11500.0,11451.089,11500.0,11630.171,11400.0,11396.07
2019-09-23,11400.0,11350.313,11400.0,11353.079,11400.0,11528.1875,11400.0,11303.806
2019-09-24,11400.0,11276.357,11000.0,11276.383,11400.0,11449.259,11000.0,11231.759
2019-09-25,11199.999999999998,11196.49,11000.0,11193.812,11400.0,11365.877,11000.0,11153.447
2019-09-26,11000.0,11141.957,11100.0,11137.581,11100.0,11310.031,11000.0,11100.016
2019-09-27,10300.0,11041.99,11000.0,11033.379,11100.0,11204.715,10300.0,11002.392
2019-09-30,10700.0,10742.39,10700.0,10718.91,10700.0,10890.418,10500.0,10710.819
2019-10-01,10700.0,10637.466,10700.0,10609.921,10700.0,10784.651,10500.0,10608.199
2019-10-02,10800.0,10653.827,10700.0,10628.644,10800.0,10805.593,10700.0,10623.0
2019-10-04,10800.0,10726.553,11500.0,10706.7705,11500.0,10883.274,10800.0,10692.36
2019-10-07,10900.0,10887.622,10900.0,10875.931,10900.0,11054.956,10900.0,10849.257
2019-10-08,10800.0,10829.33,10400.0,10816.449,10800.0,10990.893,10400.0,10791.501
2019-10-09,10800.0,10663.967,10800.0,10645.544,10800.0,10815.97,10600.0,10628.821
2019-10-10,10900.0,10670.205,10800.0,10654.093,10900.0,10824.656,10800.0,10633.989
2019-10-11,11000.0,10758.86,10900.0,10748.788,11000.0,10918.858,10600.0,10719.576
2019-10-14,11400.0,10806.244,11400.0,10799.791,11400.0,10968.418,11400.0,10765.109
2019-10-16,11000.0,11070.8545,12400.0,11077.927,12400.0,11247.265,11000.0,11023.181
2019-10-17,11100.0,11215.373,11400.0,11227.08,11500.0,11401.112,11100.0,11166.567
2019-10-18,11000.0,11044.0,11000.0,11047.1,11000.0,11219.823,11000.0,11000.766
2019-10-21,11000.0,10866.724,10700.0,10861.936,11400.0,11033.964,10700.0,10827.987
2019-10-25,12299.999999999998,10861.779,12300.0,10857.596,12300.0,11033.518,12299.999999999998,10822.603
2019-10-29,11500.0,11631.181,11500.0,11663.802,11500.0,11849.703,11500.0,11573.035
2019-10-30,10800.0,11472.933,12100.0,11497.901,12100.0,11670.559,10800.0,11418.41
2019-10-31,11500.0,11143.272,12400.0,11149.317,12400.0,11321.239,11500.0,11099.277
2019-11-01,10900.0,11329.351,10900.0,11341.562,11000.0,11525.932,10900.0,11283.582
2019-11-04,11800.0,11010.705,11700.0,11007.304,11800.0,11188.691,11700.0,10972.86
2019-11-07,11000.0,11324.916,11200.0,11336.456,11200.0,11524.632,10300.0,11278.961
2019-11-08,10700.0,11074.8955,11300.0,11074.046,11300.0,11257.646,10700.0,11034.284
2019-11-11,10700.0,10890.405,10700.0,10879.81,10700.0,11064.316,10700.0,10854.778
2019-11-12,10700.0,10721.264,10700.0,10702.954,10700.0,10886.204,10700.0,10689.153
2019-11-14,10800.0,10681.073,11100.0,10661.556,11100.0,10843.866,10800.0,10648.758
2019-11-21,10600.0,10794.054,10600.0,10780.114,10600.0,10963.125,10600.0,10758.163
2019-11-22,10700.0,10666.555,10700.0,10647.325,10700.0,10824.145,10700.0,10632.609
2019-11-26,10700.0,10632.26,10700.0,10612.439,10700.0,10785.998,10700.0,10598.19
2019-11-27,10900.0,10641.838,10900.0,10623.681,10900.0,10794.404,10900.0,10606.648
2019-11-29,10900.0,10755.277,10900.0,10743.689,10900.0,10912.742,10900.0,10716.64
2019-12-02,11600.0,10800.173,11600.0,10791.793,11600.0,10957.212,11600.0,10759.948
2019-12-06,11000.0,11174.171,11000.0,11184.338,11000.0,11351.523,11000.0,11124.915
2019-12-09,11500.0,11005.478,11500.0,11008.303,11500.0,11166.663,11500.0,10960.352
2019-12-10,10700.0,11141.518,10700.0,11151.133,10700.0,11310.461,10700.0,11093.785
2019-12-11,11400.0,10829.387,11400.0,10824.461,11400.0,10977.518,11400.0,10789.518
2019-12-13,11000.0,11049.029,10700.0,11054.559,11000.0,11213.519,10700.0,11004.478
2019-12-16,10600.0,10945.346,10700.0,10946.213,10800.0,11103.085,10600.0,10903.136
2019-12-17,10800.0,10730.944,10800.0,10721.44,10800.0,10876.888,10800.0,10694.309
2019-12-18,11000.0,10712.948,11100.0,10702.643,11100.0,10860.544,11000.0,10676.941
2019-12-19,10900.0,10865.946,10900.0,10862.756,10900.0,11024.164,10900.0,10826.249
2019-12-20,10800.0,10849.615,10800.0,10845.648,10800.0,11005.01,10800.0,10810.046
2019-12-23,11100.0,10753.935,11100.0,10745.55,11100.0,10902.466,11100.0,10716.477
2019-12-25,11000.0,10877.04,11000.0,10874.693,11000.0,11033.58,11000.0,10836.506
2019-12-26,10800.0,10900.368,10800.0,10899.292,10800.0,11056.853,10800.0,10859.068
2019-12-27,10700.0,10781.043,10700.0,10774.465,10700.0,10929.144,10700.0,10742.511
2019-12-30,10900.0,10674.594,10900.0,10663.222,10900.0,10817.083,10900.0,10638.575
2020-01-02,10800.0,10758.923,10700.0,10751.847,10800.0,10908.177,10700.0,10720.722
2020-01-03,10800.0,10744.584,11100.0,10737.207,11100.0,10892.815,10800.0,10706.322
2020-01-06,10900.0,10789.22,10900.0,10783.686,10900.0,10941.231,10900.0,10750.166
2020-01-07,11000.0,10793.409,11000.0,10788.322,11000.0,10945.641,11000.0,10754.212
2020-01-08,10800.0,10843.568,10800.0,10841.202,10800.0,10998.734,10800.0,10803.027
2020-01-09,10800.0,10763.428,10800.0,10757.602,10800.0,10912.91,10800.0,10724.614
2020-01-10,10700.0,10720.951,10700.0,10713.428,10700.0,10868.341,10700.0,10683.03
2020-01-13,11100.0,10668.1455,11100.0,10658.422,11100.0,10812.877,11100.0,10631.292
2020-01-14,11100.0,10863.97,11100.0,10863.722,11100.0,11021.352,11100.0,10822.239
2020-01-17,10700.0,10956.671,10700.0,10960.828,10700.0,11117.413,10700.0,10912.585
2020-01-22,11000.0,10744.463,11000.0,10738.548,11000.0,10889.967,11000.0,10705.516
2020-01-30,11400.0,10795.6,11400.0,10792.15,11400.0,10945.861,11400.0,10755.701
2020-01-31,10100.0,11084.611,10000.0,11094.753,10100.0,11252.631,10000.0,11037.936
2020-02-03,9600.0,10504.227,9600.0,10486.876,9600.0,10633.42,9600.0,10471.225
2020-02-05,10700.0,9938.727,10300.0,9895.011,10700.0,10038.707,10300.0,9919.661
2020-02-07,10700.0,10275.745,10700.0,10249.723,10700.0,10407.397,10700.0,10247.683
2020-02-10,10800.0,10629.962,10800.0,10621.5625,10800.0,10782.967,10800.0,10592.015
2020-02-12,10900.0,10723.864,10900.0,10720.283,10900.0,10877.084,10900.0,10682.825
2020-02-13,10900.0,10727.719,10900.0,10724.651,10900.0,10877.258,10900.0,10686.376
2020-02-18,10900.0,10720.514,10900.0,10717.483,10900.0,10868.066,10900.0,10679.461
2020-02-26,10200.0,10735.363,10200.0,10733.342,10200.0,10883.636,10200.0,10694.16
2020-03-03,10600.0,10395.198,10400.0,10377.321,10600.0,10522.631,10400.0,10362.221
2020-03-04,10400.0,10412.013,10500.0,10395.595,10500.0,10545.625,10400.0,10378.499
2020-03-05,9600.0,10447.115,10200.0,10432.619,10200.0,10585.094,9600.0,10412.47
2020-03-09,8700.0,10115.878,8700.0,10084.952,8700.0,10235.998,8700.0,10089.672
2020-03-10,10000.0,9362.517,7999.999999999999,9296.755,10000.0,9441.247,7999.999999999999,9354.108
2020-03-12,9000.0,9331.981,9300.0,9270.071,9300.0,9428.575,9000.0,9321.335
2020-03-16,8700.0,9413.869,8700.0,9359.53,8700.0,9523.545,8700.0,9398.694
2020-03-17,9400.0,9163.387,7500.0,9100.298,9400.0,9257.279,7500.0,9151.54
2020-03-18,8700.0,8990.008,8700.0,8924.428,8700.0,9081.809,8700.0,8978.112
2020-03-19,8800.0,8929.156,9800.0,8865.449,9800.0,9020.477,8800.0,8915.514
2020-03-20,8900.0,9102.277,8900.0,9048.582,8900.0,9208.442,8900.0,9083.417
2020-03-23,9000.0,9030.199,9000.0,8975.2705,9000.0,9129.907,9000.0,9010.899
2020-03-24,8600.0,9003.288,8600.0,8949.48,8600.0,9100.321,8600.0,8982.055
2020-03-27,7500.0,8825.4,7500.0,8765.499,7500.0,8910.187,7500.0,8805.901
2020-03-30,7100.0,8213.213,7100.0,8126.826,7100.0,8260.552,7100.0,8206.132
2020-04-01,8100.0,7679.65,8100.0,7572.191,8100.0,7701.745,8100.0,7683.0303
2020-04-03,9300.0,7972.7144,7600.0,7884.9395,9300.0,8023.7754,7600.0,7965.1353
2020-04-07,8900.0,8644.716,8900.0,8594.372,8900.0,8743.886,8900.0,8615.071
2020-04-08,10200.0,9055.688,10200.0,9026.7295,10200.0,9170.804,10200.0,9013.061
2020-04-09,11600.0,9725.211,11600.0,9727.815,11600.0,9869.832,11600.0,9665.697
2020-04-15,13300.0,10713.18,13300.0,10760.623,13300.0,10903.332,13200.000000000002,10632.147
2020-04-16,13800.0,11964.554,14799.999999999998,12067.941,14799.999999999998,12212.19,12000.0,11859.489
2020-04-17,13300.0,12535.113,13000.0,12659.593,13300.0,12805.502,12900.0,12426.007
2020-04-21,12500.0,12271.592,14900.0,12380.961,14900.0,12519.683,12500.0,12177.3955
2020-04-22,15100.0,12388.795,13000.0,12493.954,15500.0,12653.277,13000.0,12302.322
2020-04-24,13000.0,13176.145,13000.0,13314.717,13000.0,13498.8,13000.0,13076.218
2020-04-27,14800.0,12707.653,14799.999999999998,12818.56,14799.999999999998,12994.747,14800.0,12623.646
2020-04-29,15100.0,13505.714,15100.000000000002,13645.858,15100.000000000002,13835.751,15100.0,13407.496
2020-05-04,12900.0,13963.396,17200.0,14115.632,17200.0,14304.81,12900.0,13859.058
2020-05-05,16100.0,13592.571,16900.0,13708.143,16900.0,13910.946,16100.0,13506.066
2020-05-07,14400.0,14590.323,14400.0,14742.401,14400.0,14971.984,14400.0,14488.126
2020-05-08,13000.0,13856.739,13000.0,13966.247,13000.0,14184.9375,13000.0,13773.475
2020-05-11,13000.0,12982.867,13000.0,13042.183,13000.0,13257.478,13000.0,12920.817
2020-05-12,13800.0,12922.116,12300.0,12969.758,13800.0,13194.91,12299.999999999998,12860.725
2020-05-15,15600.000000000002,13175.022,15600.0,13228.993,15600.0,13462.421,15600.000000000002,13104.496
2020-05-18,13500.0,14564.522,17700.0,14679.741,17700.0,14923.947,13399.999999999998,14461.875
2020-05-19,13100.0,14250.479,13300.0,14339.366,13500.0,14582.242,13100.0,14160.566
2020-05-20,12500.0,12961.063,13000.0,12986.012,13000.0,13218.062,12500.0,12905.266
2020-05-21,13800.0,12603.545,13800.0,12608.436,13800.0,12852.72,13800.0,12558.153
2020-05-26,13000.0,13376.303,13000.0,13416.849,13000.0,13676.174,13000.0,13310.086
2020-05-27,13000.0,13135.926,12800.0,13165.087,13000.0,13409.498,12800.0,13071.505
2020-05-29,13399.999999999998,12852.209,13399.999999999998,12868.225,13399.999999999998,13101.83,13399.999999999998,12792.077
2020-06-02,12500.0,13057.86,12500.0,13084.195,12500.0,13315.907,12500.0,12991.504
2020-06-05,13300.0,12645.099,13300.0,12652.937,13300.0,12871.508,13300.0,12586.986
2020-06-08,12100.000000000002,12905.6875,13500.0,12927.013,13500.0,13146.783,12100.000000000002,12841.185
2020-06-09,13300.0,12642.409,13300.0,12650.315,13300.0,12867.985,13300.0,12585.226
2020-06-10,12900.0,12845.699,12899.999999999998,12865.25,12899.999999999998,13086.109,12900.0,12784.339
2020-06-11,13100.0,12755.146,13100.0,12773.273,13100.0,12988.294,13100.0,12695.11
2020-06-18,12500.0,12811.213,12100.0,12834.677,12500.0,13046.743,12100.000000000002,12749.147
2020-06-19,12200.0,12446.442,12300.0,12455.592,12300.0,12659.289,12200.0,12391.642
2020-06-22,12500.0,12252.972,12500.0,12254.944,12500.0,12456.74,12500.0,12202.348
2020-06-23,12600.0,12359.3955,12500.0,12368.293,12600.0,12571.536,12500.0,12305.549
2020-06-25,12400.0,12428.582,12800.0,12442.805,12800.0,12643.735,12400.0,12372.09
2020-06-26,13399.999999999998,12389.75,14300.0,12403.34,14300.0,12601.824,13399.999999999998,12334.081
2020-06-30,14300.000000000002,12998.934,14300.0,13041.41,14300.0,13250.656,14300.000000000002,12930.254
2020-07-01,13900.0,13483.338,13900.000000000002,13551.235,13900.000000000002,13759.621,13900.0,13403.837
2020-07-02,13900.0,13335.557,13800.0,13398.867,13900.000000000002,13596.603,13800.0,13259.7295
2020-07-06,12500.0,13297.642,12500.0,13360.196,12500.0,13555.664,12500.0,13223.272
2020-07-07,13100.0,12640.422,13100.0,12671.555,13100.0,12858.891,13100.0,12581.433
2020-07-09,12700.0,12798.6,12800.0,12835.837,12899.999999999998,13031.971,12700.0,12736.288
2020-07-10,13800.0,12744.393,12700.000000000002,12777.32,13800.0,12974.4795,12700.0,12682.795
2020-07-13,13000.0,13028.355,12899.999999999998,13074.928,13000.0,13278.07,12800.0,12959.028
2020-07-15,13100.0,12853.782,13700.0,12892.216,13700.0,13089.886,13100.0,12788.293
2020-07-16,12500.0,12916.08,12500.0,12955.866,12500.0,13156.845,12500.0,12850.578
2020-07-17,13000.0,12486.027,12300.0,12505.113,13399.999999999998,12700.04,12200.0,12430.974
2020-07-21,12500.0,12543.763,12500.0,12565.965,12500.0,12768.569,12500.0,12487.199
2020-07-22,13300.0,12466.037,13300.0,12485.092,13300.0,12687.049,13300.0,12410.686
2020-07-23,12400.0,12832.433,12400.0,12869.111,12400.0,13074.716,12400.0,12768.012
2020-07-24,12400.0,12436.363,12400.0,12454.831,12400.0,12649.088,12400.0,12380.286
2020-07-28,12700.0,12248.5625,11000.0,12258.382,12700.000000000002,12450.755,11000.0,12196.848
2020-07-29,11000.0,12118.845,11000.0,12125.168,11000.0,12320.615,11000.0,12068.26
2020-07-30,12299.999999999998,11539.572,12300.0,11520.36,12300.0,11708.6875,12299.999999999998,11501.868
2020-07-31,11199.999999999998,11946.049,11200.0,11947.304,11200.0,12145.327,11199.999999999998,11898.262
2020-08-03,12200.0,11554.752,12200.0,11538.959,12200.0,11726.163,12200.0,11514.67
2020-08-04,13300.0,11820.55,13300.0,11818.732,13300.0,12009.701,13300.0,11773.544
2020-08-05,11700.0,12597.456,11700.0,12634.057,11700.0,12830.88,11700.0,12531.425
2020-08-06,12800.0,11923.583,12800.0,11930.517,12800.0,12106.477,12800.0,11872.367
2020-08-07,11900.000000000002,12185.562,11900.0,12206.178,11900.0,12388.035,11900.000000000002,12128.862
2020-08-10,12000.0,11943.712,12000.0,11954.265,12000.0,12131.066,12000.0,11892.369
2020-08-11,12000.0,11873.145,12000.0,11881.34,12000.0,12058.887,12000.0,11823.539
2020-08-12,12800.0,11889.53,12800.0,11899.352,12800.0,12078.239,12800.0,11839.306
2020-08-13,12500.0,12337.611,12000.0,12369.298,12500.0,12553.87,11900.000000000002,12276.661
2020-08-14,13200.000000000002,12201.059,12899.999999999998,12227.728,13200.000000000002,12406.355,12900.0,12142.681
2020-08-18,14200.0,12534.297,14000.0,12577.809,14200.0,12760.767,13500.0,12468.564
2020-08-19,13000.0,13200.184,14200.0,13275.777,14200.0,13465.547,13000.0,13119.714
2020-08-20,14100.0,12994.036,14200.0,13057.973,14200.0,13243.902,13100.0,12921.291
2020-08-21,12700.0,13115.129,12700.000000000002,13183.671,12700.000000000002,13377.499,12700.0,13042.123
2020-08-24,12000.0,12609.467,11100.0,12653.349,12000.0,12842.792,11100.0,12549.44
2020-08-25,12900.0,11943.653,13300.0,11955.356,13300.0,12144.319,12500.0,11898.997
2020-08-26,12500.0,12506.386,13399.999999999998,12542.172,13399.999999999998,12751.028,12500.0,12448.428
2020-08-31,13200.000000000002,12643.08,13200.000000000002,12681.877,13200.000000000002,12894.18,13200.000000000002,12582.074
2020-09-01,12800.0,12714.866,12800.0,12755.723,12800.0,12965.6,12800.0,12652.072
2020-09-03,12800.0,12517.876,12800.0,12548.574,12800.0,12751.869,12800.0,12459.205
2020-09-04,13100.0,12481.73,12700.000000000002,12509.87,13100.0,12711.663,12700.0,12423.523
2020-09-09,12700.0,12620.938,12700.000000000002,12655.423,12700.000000000002,12858.334,12700.0,12558.622
2020-09-10,12800.0,12540.52,13600.0,12570.808,13600.0,12769.195,12800.0,12479.668
2020-09-11,13200.000000000002,12690.022,13200.000000000002,12725.248,13200.000000000002,12927.988,13200.000000000002,12626.875
2020-09-14,13300.0,12785.424,11700.0,12824.859,13300.0,13026.96,11700.0,12720.529
2020-09-15,13900.0,12582.595,12899.999999999998,12614.561,14000.0,12814.305,12900.0,12521.134
2020-09-16,13800.0,13039.661,13600.0,13095.2295,13800.0,13303.313,13599.999999999998,12967.037
2020-09-18,13599.999999999998,13263.292,14900.0,13330.349,14900.0,13535.083,13599.999999999998,13185.83
2020-09-22,13000.0,13389.361,13900.000000000002,13459.222,13900.000000000002,13666.071,13000.0,13311.781
2020-09-23,13399.999999999998,12945.208,13000.0,12991.081,13399.999999999998,13195.639,13000.0,12880.666
2020-09-25,12299.999999999998,12840.246,12300.0,12880.095,12300.0,13089.871,12299.999999999998,12778.997
2020-09-28,13200.000000000002,12432.899,13200.000000000002,12452.146,13200.000000000002,12659.31,13200.000000000002,12380.398
2020-09-29,12400.0,12803.8125,12400.0,12839.114,12400.0,13054.155,12400.0,12741.558
2020-09-30,12800.0,12509.635,12500.0,12529.882,12800.0,12736.024,12500.0,12452.537
2020-10-01,12800.0,12486.06,12800.0,12504.661,12800.0,12709.958,12800.0,12428.617
2020-10-02,13399.999999999998,12578.5205,12899.999999999998,12601.329,13399.999999999998,12805.752,12700.0,12518.335
2020-10-16,13100.0,12803.729,13100.0,12838.035,13100.0,13043.32,13100.0,12737.601
2020-10-23,13100.0,12811.474,13100.0,12847.125,13100.0,13047.318,13100.0,12745.294
2020-11-02,13200.000000000002,12766.491,13100.0,12800.689,13300.0,12996.826,13100.0,12701.84
2020-11-06,13900.0,12817.936,13900.000000000002,12855.036,13900.000000000002,13050.801,13900.0,12752.53
2020-11-09,15799.999999999998,13262.039,15800.000000000002,13320.388,15800.000000000002,13520.231,15799.999999999998,13186.811
2020-11-11,14900.0,14498.376,13600.0,14615.577,14900.0,14824.598,13599.999999999998,14395.876
2020-11-17,14400.0,13912.221,14400.0,14004.307,14400.0,14194.28,14400.0,13822.591
2020-11-18,14200.0,13755.457,14200.0,13839.348,14200.0,14029.644,14200.0,13672.043
2020-11-19,13000.0,13756.816,13000.0,13837.81,13000.0,14032.495,13000.0,13674.798
2020-11-20,13200.000000000002,13134.8,13000.0,13182.524,13200.000000000002,13372.707,13000.0,13067.613
2020-11-24,13100.0,13025.943,13100.0,13064.642,13100.0,13262.062,13100.0,12961.903
2020-11-26,13300.0,13044.621,13300.0,13080.702,13300.0,13283.1,13300.0,12979.833
2020-11-27,14000.0,13113.365,14000.0,13150.168,14000.0,13354.461,14000.0,13046.57
2020-12-01,13200.000000000002,13477.416,13200.000000000002,13529.998,13200.000000000002,13737.751,13200.000000000002,13402.095
2020-12-02,13800.0,13096.006,13500.0,13130.203,13800.0,13328.277,13500.0,13029.142
2020-12-03,13900.0,13232.891,13700.0,13273.738,13900.000000000002,13475.802,13700.0,13163.232
2020-12-04,14300.000000000002,13434.41,14300.0,13485.412,14300.0,13689.648,14300.000000000002,13359.906
2020-12-07,14699.999999999998,13726.7,14700.0,13792.126,14700.0,13997.207,14699.999999999998,13645.665
2020-12-10,14699.999999999998,13992.373,14700.0,14070.8955,14700.0,14275.0,14699.999999999998,13905.691
2020-12-17,14300.000000000002,14038.758,14300.0,14119.67,14300.0,14320.532,14300.000000000002,13951.641
2020-12-18,13900.0,13845.121,14099.999999999998,13916.284,14099.999999999998,14113.965,13900.0,13763.166
2020-12-21,13900.0,13669.655,13900.000000000002,13730.63,13900.000000000002,13930.107,13900.0,13592.667
2020-12-28,14500.000000000002,13635.183,14500.0,13692.594,14500.0,13895.889,14500.000000000002,13559.367
2020-12-30,14000.0,13990.128,14500.0,14062.528,14500.0,14272.493,14000.0,13906.169
2020-12-31,14100.0,13863.075,14099.999999999998,13927.164,14099.999999999998,14135.844,14100.0,13782.296
2021-01-04,14100.0,13723.479,14099.999999999998,13779.841,14099.999999999998,13988.134,14100.0,13646.484
2021-01-06,13700.0,13742.018,13800.0,13798.247,13800.0,14008.781,13700.0,13664.725
2021-01-07,13500.0,13568.635,14099.999999999998,13615.616,14099.999999999998,13825.009,13500.0,13495.111
2021-01-08,13599.999999999998,13497.005,13700.0,13538.699,13700.0,13752.038,13599.999999999998,13425.747
2021-01-11,13599.999999999998,13427.929,13000.0,13465.885,13600.0,13680.75,13000.0,13358.248
2021-01-13,13800.0,13282.167,13700.0,13314.305,13800.0,13528.889,13700.0,13214.782
2021-01-14,13800.0,13464.076,13800.0,13505.877,13800.0,13723.098,13800.0,13391.817
2021-01-15,13800.0,13508.778,13800.0,13553.797,13800.0,13767.937,13800.0,13434.755
2021-01-18,14000.0,13465.832,14000.0,13509.827,14000.0,13719.988,14000.0,13392.46
2021-01-19,14500.000000000002,13564.227,13700.0,13613.706,14500.0,13823.195,13700.0,13488.504
2021-01-20,13599.999999999998,13738.6455,13700.0,13798.241,13800.0,14008.976,13599.999999999998,13658.127
2021-01-21,14600.0,13481.581,14600.000000000002,13529.888,14600.000000000002,13735.343,14600.0,13407.147
2021-01-22,13800.0,13913.319,13800.0,13982.269,13800.0,14194.021,13800.0,13829.641
2021-01-25,13900.0,13597.857,13800.0,13652.031,13900.000000000002,13855.835,13800.0,13521.1455
2021-01-27,13900.0,13513.107,13700.0,13562.911,13900.000000000002,13767.247,13100.0,13438.815
2021-01-28,13200.000000000002,13467.953,13399.999999999998,13515.143,13500.0,13722.886,13200.000000000002,13394.537
2021-01-29,13300.0,13242.541,13399.999999999998,13278.405,13399.999999999998,13486.222,13300.0,13174.723
2021-02-01,13399.999999999998,13167.917,13500.0,13199.759,13500.0,13409.649,13399.999999999998,13102.033
2021-02-02,13000.0,13209.683,13000.0,13243.284,13000.0,13455.065,13000.0,13142.516
2021-02-03,13100.0,12964.38,13200.000000000002,12986.771,13200.000000000002,13194.172,13100.0,12902.165
2021-02-09,13300.0,12945.612,13300.0,12967.523,13300.0,13175.868,13300.0,12883.477
2021-02-17,13800.0,13051.7,13800.0,13079.63,13900.000000000002,13288.595,13800.0,12986.392
2021-02-18,14200.0,13361.3125,14000.0,13405.253,14200.0,13615.637,14000.0,13288.281
2021-02-23,14000.0,13588.793,14200.0,13645.539,14200.0,13853.661,14000.0,13510.03
2021-02-24,14200.0,13582.742,14099.999999999998,13640.564,14200.0,13844.512,14000.0,13504.506
2021-02-25,14000.0,13617.291,14000.0,13677.9375,14000.0,13881.069,14000.0,13538.78
2021-03-01,14000.0,13594.558,14000.0,13654.656,14000.0,13856.781,14000.0,13516.993
2021-03-02,13900.0,13607.241,14000.0,13667.754,14000.0,13870.113,13900.0,13529.698
2021-03-04,13900.0,13588.809,14000.0,13647.574,14099.999999999998,13850.341,13800.0,13511.983
2021-03-08,14500.000000000002,13584.334,13800.0,13641.6875,14500.0,13846.234,13800.0,13507.996
2021-03-09,13900.0,13773.804,13900.000000000002,13840.189,13900.000000000002,14049.042,13900.0,13692.806
2021-03-10,14000.0,13637.074,14000.0,13696.615,14000.0,13902.166,13900.0,13559.316
2021-03-11,14000.0,13602.152,13900.000000000002,13659.068,14099.999999999998,13864.841,13900.0,13525.651
2021-03-15,14000.0,13623.03,13900.000000000002,13679.897,14000.0,13887.016,13900.0,13546.263
2021-03-16,14500.000000000002,13620.972,14099.999999999998,13676.862,14500.0,13884.134,14000.0,13544.289
2021-03-17,15500.0,13832.584,15000.0,13898.119,15500.0,14108.822,15000.0,13750.871
2021-03-19,14500.000000000002,14466.721,14500.0,14562.6045,14500.0,14779.468,14500.000000000002,14370.549
2021-03-22,14500.000000000002,14087.222,16500.0,14165.206,16500.0,14370.465,14500.000000000002,13999.895
