"Date","Price","Open","High","Low","Vol.","Change %"
"08/15/2024","16,100","16,100","16,100","16,100","0.40K","-2.42%"
"08/12/2024","16,500","16,100","16,500","16,000","1.20K","-12.23%"
"07/17/2024","18,800","18,900","18,900","18,800","0.50K","0.53%"
"07/01/2024","18,700","18,700","18,700","18,700","0.20K","-0.53%"
"06/26/2024","18,800","18,800","18,800","18,800","0.40K","-3.59%"
"06/11/2024","19,500","19,500","19,500","19,500","3.00K","0.00%"
"06/07/2024","19,500","19,500","19,500","19,500","0.20K","0.00%"
"06/06/2024","19,500","19,500","19,500","19,500","0.30K","-7.14%"
"06/05/2024","21,000","21,000","21,000","21,000","0.20K","0.00%"
"05/13/2024","21,000","21,000","21,000","21,000","0.20K","0.00%"
"04/24/2024","21,000","21,000","21,000","21,000","0.10K","-2.33%"
"04/22/2024","21,500","25,400","25,400","21,500","3.60K","-4.44%"
"04/15/2024","22,500","22,500","22,500","22,500","1.02K","-1.32%"
"04/08/2024","22,800","22,800","22,800","22,800","2.01K","12.87%"
"04/04/2024","20,200","20,200","20,200","20,200","0.80K","0.00%"
"04/03/2024","20,200","20,200","20,200","20,200","2.00K","1.00%"
"04/01/2024","20,000","20,000","20,000","20,000","0.11K","0.00%"
"03/28/2024","20,000","20,000","20,000","20,000","0.61K","5.26%"
"03/27/2024","19,000","19,000","19,000","19,000","0.18K","0.00%"
"03/20/2024","19,000","19,000","19,000","19,000","0.13K","-9.95%"
"03/18/2024","21,100","21,100","21,100","21,100","0.52K","-0.47%"
"03/08/2024","21,200","21,200","21,200","21,200","0.10K","10.99%"
"03/06/2024","19,100","19,100","19,100","19,100","0.21K","-12.39%"
"03/04/2024","21,800","21,800","21,800","21,800","0.22K","8.46%"
"03/01/2024","20,100","20,100","20,100","20,100","1.22K","0.00%"
"02/29/2024","20,100","20,100","20,100","20,100","0.51K","0.00%"
"02/28/2024","20,100","20,000","20,100","20,000","0.31K","14.20%"
"02/26/2024","17,600","17,600","17,600","17,600","0.12K","-12.00%"
"02/23/2024","20,000","20,000","20,000","20,000","0.10K","14.29%"
"02/22/2024","17,500","17,500","17,500","17,500","0.10K","-16.67%"
"02/20/2024","21,000","21,300","21,300","17,400","0.30K","-0.94%"
"02/15/2024","21,200","17,200","21,200","17,200","0.21K","-0.93%"
"02/05/2024","21,400","17,400","21,400","17,400","0.20K","0.00%"
"02/01/2024","21,400","18,100","21,400","18,100","0.20K","-4.89%"
"01/26/2024","22,500","18,400","22,500","18,400","0.20K","10.29%"
"01/24/2024","20,400","18,100","20,400","18,100","2.50K","2.00%"
"01/19/2024","20,000","19,000","20,100","17,100","1.00K","-3.38%"
"01/16/2024","20,700","20,000","20,700","18,100","0.53K","-0.96%"
"01/12/2024","20,900","18,100","20,900","18,100","0.70K","4.50%"
"01/11/2024","20,000","20,000","20,000","20,000","0.20K","-3.38%"
"01/09/2024","20,700","17,500","20,700","17,500","0.30K","7.81%"
"01/05/2024","19,200","19,200","19,200","19,200","0.10K","-4.00%"
"01/04/2024","20,000","20,000","20,000","20,000","0.42K","-3.85%"
"01/03/2024","20,800","19,200","20,800","19,200","0.20K","-0.48%"
"01/02/2024","20,900","20,900","20,900","20,900","0.15K","18.08%"
"12/28/2023","17,700","20,900","20,900","17,700","0.30K","-10.15%"
"12/26/2023","19,700","19,700","19,700","19,700","0.10K","18.67%"
"12/25/2023","16,600","19,100","19,100","16,600","0.40K","-13.09%"
"12/21/2023","19,100","19,100","19,100","19,100","0.10K","-3.05%"
"12/19/2023","19,700","19,700","19,700","19,700","0.10K","0.00%"
"12/11/2023","19,700","19,700","21,300","19,700","0.82K","0.00%"
"12/07/2023","19,700","19,700","19,700","19,700","0.10K","0.00%"
"12/06/2023","19,700","19,700","19,700","19,700","0.10K","8.84%"
"12/05/2023","18,100","18,100","18,100","18,100","0.40K","-8.59%"
"11/30/2023","19,800","18,100","19,800","18,100","0.20K","-0.50%"
"11/29/2023","19,900","19,900","19,900","19,900","0.30K","3.65%"
"11/27/2023","19,200","17,000","19,200","17,000","0.20K","14.29%"
"11/24/2023","16,800","16,800","16,800","16,800","0.30K","-5.08%"
"11/23/2023","17,700","19,000","19,000","17,700","0.60K","-11.50%"
"11/21/2023","20,000","19,900","20,000","19,800","0.60K","3.63%"
"11/20/2023","19,300","19,300","19,300","19,300","1.10K","0.00%"
"11/17/2023","19,300","17,200","19,500","16,200","0.60K","6.63%"
"11/15/2023","18,100","18,500","18,500","18,100","0.40K","-8.59%"
"11/14/2023","19,800","18,600","19,800","18,600","0.20K","-0.50%"
"11/13/2023","19,900","19,900","19,900","19,900","0.40K","4.74%"
"11/10/2023","19,000","19,000","19,000","19,000","0.10K","16.56%"
"11/09/2023","16,300","18,200","18,200","16,300","0.60K","-15.98%"
"11/02/2023","19,400","19,000","19,400","18,000","0.90K","13.45%"
"10/31/2023","17,100","19,000","19,000","17,100","0.70K","-10.47%"
"10/30/2023","19,100","19,100","19,100","19,100","0.10K","-1.55%"
"10/26/2023","19,400","19,000","19,500","19,000","4.50K","-7.18%"
"10/24/2023","20,900","18,600","20,900","18,600","1.10K","12.97%"
"10/20/2023","18,500","18,400","18,500","18,400","0.40K","-0.54%"
"10/19/2023","18,600","18,800","19,800","18,600","0.50K","-6.06%"
"10/18/2023","19,800","18,600","19,800","18,600","0.40K","4.76%"
"10/17/2023","18,900","18,900","18,900","18,900","0.10K","-7.35%"
"10/16/2023","20,400","19,900","20,400","18,700","0.90K","2.51%"
"10/13/2023","19,900","19,900","19,900","19,900","0.10K","-2.45%"
"10/12/2023","20,400","18,500","20,400","18,300","0.90K","10.27%"
"10/11/2023","18,500","18,500","18,500","18,500","0.10K","-11.48%"
"10/10/2023","20,900","18,500","20,900","18,100","2.90K","10.00%"
"10/09/2023","19,000","19,400","19,400","18,600","2.70K","-2.06%"
"10/06/2023","19,400","19,400","19,400","18,500","2.10K","-2.51%"
"10/05/2023","19,900","18,000","19,900","17,400","1.70K","6.99%"
"10/04/2023","18,600","18,600","18,600","18,600","0.20K","0.54%"
"10/03/2023","18,500","18,400","18,500","18,400","1.10K","0.54%"
"10/02/2023","18,400","18,900","20,600","18,400","2.00K","-11.96%"
"09/29/2023","20,900","20,000","20,900","20,000","0.20K","5.03%"
"09/28/2023","19,900","17,900","19,900","17,900","0.80K","13.07%"
"09/27/2023","17,600","18,500","18,500","17,600","0.40K","-13.30%"
"09/26/2023","20,300","19,800","20,300","19,800","0.20K","-0.49%"
"09/22/2023","20,400","18,800","20,400","18,700","0.80K","8.51%"
"09/21/2023","18,800","18,800","18,800","18,800","0.10K","1.08%"
"09/20/2023","18,600","19,000","19,000","18,600","0.60K","-9.27%"
"09/19/2023","20,500","20,500","20,500","20,500","0.30K","3.02%"
"09/18/2023","19,900","19,900","20,900","19,900","0.90K","0.00%"
"09/15/2023","19,900","20,000","20,000","19,900","0.20K","-1.00%"
"09/14/2023","20,100","18,000","20,100","17,200","1.00K","8.65%"
"09/13/2023","18,500","18,100","18,500","18,100","0.60K","-3.65%"
"09/12/2023","19,200","19,400","19,400","19,100","0.80K","-7.25%"
"09/11/2023","20,700","20,900","20,900","20,700","1.80K","7.81%"
"09/08/2023","19,200","19,300","19,300","19,200","0.50K","12.94%"
"09/06/2023","17,000","18,100","18,100","17,000","1.20K","-6.08%"
"09/05/2023","18,100","18,100","18,100","18,100","0.10K","-13.40%"
"08/31/2023","20,900","20,900","20,900","20,900","0.20K","10.00%"
"08/30/2023","19,000","19,000","19,000","19,000","1.10K","15.15%"
"08/29/2023","16,500","19,200","19,200","16,500","2.70K","-13.16%"
"08/24/2023","19,000","19,400","19,400","19,000","1.50K","-5.00%"
"08/18/2023","20,000","19,000","20,000","19,000","0.80K","19.05%"
"08/17/2023","16,800","19,300","19,300","16,600","1.60K","-6.67%"
"08/16/2023","18,000","18,300","18,300","18,000","0.80K","-7.22%"
"08/15/2023","19,400","20,000","20,000","19,400","0.30K","0.00%"
"08/14/2023","19,400","16,900","19,400","16,900","1.40K","14.12%"
"08/11/2023","17,000","17,000","17,000","17,000","0.30K","-14.14%"
"08/10/2023","19,800","17,400","19,800","15,100","1.60K","13.79%"
"08/08/2023","17,400","17,400","17,400","17,400","0.90K","-10.31%"
"08/07/2023","19,400","18,000","19,400","18,000","1.00K","17.58%"
"08/03/2023","16,500","16,400","18,700","16,400","1.50K","1.23%"
"08/01/2023","16,300","16,300","16,300","16,300","2.60K","-2.40%"
"07/31/2023","16,700","16,700","16,700","16,700","0.40K","-13.92%"
"07/28/2023","19,400","19,400","19,400","19,400","0.10K","0.00%"
"07/27/2023","19,400","19,400","19,400","19,400","0.40K","-0.51%"
"07/26/2023","19,500","19,500","19,500","19,500","0.10K","-4.41%"
"07/17/2023","20,400","20,400","20,400","20,400","0.50K","-14.64%"
"07/13/2023","23,900","23,900","23,900","23,900","27.40K","25.79%"
"06/05/2023","19,000","19,000","19,700","19,000","2.82K","2.15%"
"05/23/2023","18,600","17,300","18,600","17,300","0.83K","14.11%"
"05/18/2023","16,300","16,300","16,300","16,300","1.50K","-4.12%"
"04/11/2023","17,000","16,300","17,000","16,300","1.70K","0.00%"
"03/30/2023","17,000","17,000","17,000","17,000","6.00K","0.00%"
"03/27/2023","17,000","17,000","17,000","17,000","0.30K","-10.53%"
"03/16/2023","19,000","19,000","19,000","19,000","0.14K","0.00%"
"03/15/2023","19,000","19,000","19,000","19,000","1.30K","0.00%"
"03/14/2023","19,000","19,000","19,000","19,000","5.00K","-5.00%"
"02/27/2023","20,000","20,000","20,200","20,000","0.61K","0.00%"
"02/24/2023","20,000","20,000","20,000","20,000","3.00K","-2.44%"
"02/23/2023","20,500","20,500","20,500","20,500","1.00K","5.13%"
"02/20/2023","19,500","19,500","19,500","19,500","1.20K","0.00%"
"02/14/2023","19,500","19,500","19,500","19,500","0.10K","-2.50%"
"02/10/2023","20,000","20,000","20,000","20,000","2.20K","0.00%"
"02/09/2023","20,000","20,000","20,000","20,000","2.12K","-2.44%"
"02/06/2023","20,500","20,500","20,500","20,500","0.10K","2.50%"
"02/03/2023","20,000","20,000","20,000","20,000","0.10K","2.56%"
"02/02/2023","19,500","19,500","19,500","19,500","0.30K","-2.50%"
"01/18/2023","20,000","20,000","20,000","20,000","4.00K","0.00%"
"12/30/2022","20,000","20,000","20,000","20,000","0.10K","0.00%"
"12/28/2022","20,000","20,000","20,000","20,000","0.10K","0.00%"
"12/22/2022","20,000","20,000","20,000","20,000","0.20K","-0.50%"
"12/20/2022","20,100","20,100","20,100","20,100","0.10K","14.86%"
"12/14/2022","17,500","17,500","17,500","17,500","0.10K","0.00%"
"12/06/2022","17,500","17,500","17,500","17,500","1.00K","-7.89%"
"11/30/2022","19,000","19,000","19,000","19,000","0.10K","0.00%"
"11/16/2022","19,000","19,000","19,000","19,000","0.10K","0.00%"
"11/04/2022","19,000","19,000","19,000","19,000","0.90K","-5.00%"
"10/24/2022","20,000","20,000","20,000","20,000","1.00K","0.00%"
"10/06/2022","20,000","20,000","20,000","20,000","1.00K","-14.53%"
"10/05/2022","23,400","23,400","23,400","23,400","0.10K","14.71%"
"10/04/2022","20,400","20,400","20,400","20,400","0.20K","-15.00%"
"09/30/2022","24,000","24,000","24,000","24,000","0.50K","10.09%"
"09/26/2022","21,800","21,800","21,800","21,800","0.12K","-0.46%"
"09/23/2022","21,900","21,800","21,900","21,800","0.30K","14.66%"
"09/13/2022","19,100","19,100","19,100","19,100","1.00K","-11.16%"
"09/12/2022","21,500","21,500","21,500","21,500","0.10K","0.00%"
"08/23/2022","21,500","21,500","21,500","21,500","0.10K","0.00%"
"08/19/2022","21,500","21,500","21,500","21,500","0.10K","0.00%"
"08/17/2022","21,500","21,500","21,500","21,500","0.50K","-0.92%"
"08/15/2022","21,700","21,700","21,700","21,700","0.40K","-14.90%"
"08/12/2022","25,500","25,500","25,500","25,500","0.20K","-3.77%"
"08/08/2022","26,500","25,500","26,500","25,500","0.70K","10.42%"
"08/03/2022","24,000","24,000","24,000","24,000","1.00K","-12.73%"
"08/01/2022","27,500","28,000","28,000","27,500","0.40K","12.24%"
"07/29/2022","24,500","24,500","24,500","24,500","1.00K","-14.63%"
"07/28/2022","28,700","28,700","28,700","28,700","0.10K","14.34%"
"07/27/2022","25,100","25,100","25,100","25,100","0.10K","19.52%"
"07/26/2022","21,000","26,400","26,400","21,000","0.60K","-8.70%"
"07/25/2022","23,000","23,000","23,000","23,000","0.60K","-9.09%"
"07/21/2022","25,300","25,300","25,300","25,300","0.12K","0.80%"
"07/20/2022","25,100","19,000","25,100","19,000","0.20K","-8.39%"
"07/19/2022","27,400","20,800","27,400","20,800","0.60K","14.17%"
"07/08/2022","24,000","24,000","24,000","24,000","0.90K","-11.11%"
"07/07/2022","27,000","27,000","27,000","27,000","1.00K","-8.47%"
"06/30/2022","29,500","29,500","29,500","29,500","0.10K","5.73%"
"06/27/2022","27,900","27,900","27,900","24,000","0.70K","0.00%"
"06/24/2022","27,900","27,900","27,900","27,900","0.10K","-14.94%"
"06/21/2022","32,800","32,800","32,800","32,800","0.10K","14.69%"
"06/17/2022","28,600","28,600","28,600","28,600","0.10K","0.00%"
"06/16/2022","28,600","28,700","28,700","28,600","0.20K","14.40%"
"06/15/2022","25,000","25,000","25,000","25,000","0.10K","-11.03%"
"06/08/2022","28,100","33,000","33,000","28,100","2.70K","-14.85%"
"06/07/2022","33,000","33,000","33,000","33,000","0.10K","-14.73%"
"06/06/2022","38,700","38,700","38,700","38,700","0.10K","-14.95%"
"06/03/2022","45,500","45,500","45,500","45,500","64.50K","-1.09%"
"06/02/2022","46,000","46,000","46,000","46,000","0.10K","0.00%"
"05/30/2022","46,000","46,000","46,000","46,000","355.90K","6.98%"
"05/27/2022","43,000","40,000","43,000","40,000","49.70K","-6.52%"
"05/24/2022","46,000","46,000","46,000","46,000","0.10K","9.52%"
"05/23/2022","42,000","42,000","42,000","42,000","0.10K","7.69%"
"05/20/2022","39,000","39,000","39,000","39,000","0.10K","14.71%"
"05/16/2022","34,000","34,000","34,000","34,000","0.10K","13.33%"
"05/13/2022","30,000","30,000","30,000","30,000","4.00K","0.00%"
"05/12/2022","30,000","34,000","34,000","30,000","6.50K","-11.76%"
"05/11/2022","34,000","34,000","34,000","34,000","0.50K","1.49%"
"05/10/2022","33,500","32,000","33,500","32,000","0.70K","-9.46%"
"05/05/2022","37,000","37,000","37,000","37,000","0.10K","12.12%"
"04/29/2022","33,000","33,000","33,000","33,000","1.00K","0.00%"
"04/28/2022","33,000","33,000","33,000","33,000","1.00K","3.13%"
"04/27/2022","32,000","31,000","33,000","31,000","1.60K","6.67%"
"04/25/2022","30,000","30,000","30,000","30,000","0.80K","0.00%"
"04/21/2022","30,000","30,000","30,000","30,000","0.90K","-3.23%"
"04/19/2022","31,000","31,000","31,000","31,000","2.00K","-5.49%"
"04/18/2022","32,800","32,800","32,800","32,800","0.10K","9.33%"
"04/14/2022","30,000","35,500","35,500","30,000","0.20K","-3.23%"
"04/08/2022","31,000","31,000","31,000","31,000","0.10K","-3.13%"
"04/07/2022","32,000","30,000","32,000","30,000","2.50K","6.67%"
"04/06/2022","30,000","30,000","30,000","30,000","1.00K","-13.04%"
"04/05/2022","34,500","31,000","34,500","31,000","2.10K","15.00%"
"04/04/2022","30,000","30,000","30,000","30,000","0.10K","0.00%"
"04/01/2022","30,000","29,000","30,000","29,000","1.81K","3.45%"
"03/31/2022","29,000","29,000","29,000","29,000","0.10K","0.00%"
"03/30/2022","29,000","29,000","29,000","29,000","0.90K","0.00%"
"03/28/2022","29,000","24,000","29,000","24,000","0.60K","11.54%"
"03/22/2022","26,000","26,000","26,000","26,000","0.70K","4.00%"
"03/21/2022","25,000","25,000","25,000","25,000","10.80K","0.00%"
"03/17/2022","25,000","24,000","25,000","23,000","29.80K","0.00%"
"03/16/2022","25,000","25,000","25,000","25,000","11.00K","4.17%"
"03/11/2022","24,000","24,800","24,800","24,000","3.03K","-3.23%"
"03/10/2022","24,800","22,600","24,800","22,600","10.60K","7.83%"
"03/09/2022","23,000","20,500","23,000","20,500","9.70K","12.20%"
"03/08/2022","20,500","20,500","20,500","20,500","10.00K","-8.89%"
"03/07/2022","22,500","20,500","22,500","20,500","13.80K","15.38%"
"03/03/2022","19,500","20,100","20,100","19,500","1.00K","-11.36%"
"03/02/2022","22,000","21,500","24,600","21,500","1.40K","0.92%"
"03/01/2022","21,800","20,000","21,800","20,000","19.90K","14.74%"
"02/25/2022","19,000","19,000","19,000","19,000","0.30K","-7.32%"
"02/24/2022","20,500","20,000","20,500","19,500","6.22K","-2.38%"
"02/22/2022","21,000","19,000","21,000","19,000","3.00K","9.95%"
"02/21/2022","19,100","19,100","19,100","19,100","0.10K","0.53%"
"02/18/2022","19,000","19,000","19,000","19,000","6.40K","0.00%"
"02/17/2022","19,000","19,000","19,000","19,000","1.70K","3.83%"
"02/16/2022","18,300","19,000","19,000","18,300","4.70K","-2.14%"
"02/15/2022","18,700","18,300","18,700","18,300","1.00K","-6.50%"
"02/14/2022","20,000","18,300","21,000","18,300","6.60K","-4.31%"
"02/10/2022","20,900","20,900","20,900","20,900","0.10K","4.50%"
"02/09/2022","20,000","21,500","21,700","20,000","4.71K","-6.98%"
"02/08/2022","21,500","21,500","21,500","21,500","0.12K","16.22%"
"02/07/2022","18,500","20,700","20,700","18,200","1.30K","-10.63%"
"01/28/2022","20,700","20,700","20,700","20,700","0.10K","13.74%"
"01/27/2022","18,200","18,000","18,200","18,000","11.00K","-13.33%"
"01/25/2022","21,000","19,000","21,000","19,000","0.30K","10.53%"
"01/24/2022","19,000","19,200","19,200","19,000","6.50K","-13.64%"
"01/21/2022","22,000","20,000","22,000","20,000","0.80K","13.99%"
"01/20/2022","19,300","19,300","19,300","19,300","0.30K","-12.67%"
"01/14/2022","22,100","16,700","22,100","16,500","1.60K","13.33%"
"01/13/2022","19,500","16,800","20,000","16,800","2.30K","-8.88%"
"01/12/2022","21,400","19,000","23,000","18,200","0.60K","-10.83%"
"01/11/2022","24,000","21,000","24,000","21,000","0.80K","-2.83%"
"01/07/2022","24,700","24,700","24,700","21,700","7.30K","12.79%"
"01/06/2022","21,900","19,500","21,900","19,500","20.50K","14.06%"
"01/05/2022","19,200","19,200","19,200","19,200","","0.00%"
"12/31/2021","19,200","19,000","19,200","19,000","2.70K","0.00%"
"12/30/2021","19,200","19,200","19,200","19,200","0.20K","1.05%"
"12/28/2021","19,000","19,000","19,000","19,000","1.40K","0.53%"
"12/27/2021","18,900","19,000","19,000","18,900","0.90K","1.61%"
"12/23/2021","18,600","18,900","19,000","18,600","5.30K","0.00%"
"12/22/2021","18,600","19,000","19,000","18,600","0.50K","-2.11%"
"12/21/2021","19,000","19,000","19,000","18,800","21.00K","0.00%"
"12/17/2021","19,000","19,000","19,000","19,000","0.10K","1.06%"
"12/16/2021","18,800","19,000","19,100","18,700","1.90K","-3.59%"
"12/15/2021","19,500","19,000","19,500","19,000","1.30K","1.56%"
"12/14/2021","19,200","19,100","19,300","18,700","0.80K","-1.03%"
"12/13/2021","19,400","19,400","19,900","18,900","1.20K","2.11%"
"12/10/2021","19,000","18,900","19,000","18,900","1.30K","0.53%"
"12/09/2021","18,900","18,900","18,900","18,900","1.70K","2.72%"
"12/08/2021","18,400","18,300","18,400","18,300","0.20K","2.22%"
"12/07/2021","18,000","18,900","18,900","18,000","1.70K","0.56%"
"12/06/2021","17,900","17,900","17,900","17,900","1.00K","-3.24%"
"12/03/2021","18,500","18,900","18,900","18,500","3.10K","-2.63%"
"12/01/2021","19,000","19,000","19,000","19,000","5.00K","7.95%"
"11/30/2021","17,600","19,000","20,100","17,600","7.50K","-8.81%"
"11/29/2021","19,300","19,600","19,600","19,300","0.40K","3.76%"
"11/25/2021","18,600","18,600","18,600","18,600","0.40K","0.00%"
"11/24/2021","18,600","18,600","18,600","18,600","1.20K","14.81%"
"11/23/2021","16,200","18,100","18,100","16,200","5.00K","-14.74%"
"11/22/2021","19,000","19,000","19,000","19,000","0.10K","0.00%"
"11/19/2021","19,000","20,000","20,000","19,000","2.60K","-5.00%"
"11/18/2021","20,000","19,300","20,000","19,300","2.00K","0.00%"
"11/15/2021","20,000","20,000","20,000","20,000","0.10K","8.70%"
"11/12/2021","18,400","18,400","18,400","18,400","0.50K","-0.54%"
"11/11/2021","18,500","18,600","18,600","18,400","16.70K","-0.54%"
"11/10/2021","18,600","18,600","18,600","18,500","27.00K","0.54%"
"11/09/2021","18,500","18,500","18,500","18,500","7.10K","0.00%"
"11/08/2021","18,500","20,000","20,000","18,500","8.50K","-1.07%"
"11/05/2021","18,700","18,700","18,700","18,700","0.40K","-8.78%"
"11/04/2021","20,500","20,500","20,500","20,300","1.00K","-0.49%"
"11/03/2021","20,600","20,600","20,600","20,600","0.30K","0.00%"
"11/02/2021","20,600","18,500","20,800","18,500","13.10K","13.81%"
"11/01/2021","18,100","18,200","18,200","18,000","0.90K","0.56%"
"10/28/2021","18,000","18,000","18,000","18,000","0.50K","-2.70%"
"10/27/2021","18,500","18,100","18,500","18,100","11.90K","0.00%"
"10/26/2021","18,500","18,000","18,500","18,000","10.10K","0.54%"
"10/25/2021","18,400","18,600","18,600","18,400","0.30K","-1.08%"
"10/22/2021","18,600","18,000","18,600","18,000","0.90K","3.33%"
"10/20/2021","18,000","18,000","19,000","18,000","3.10K","0.00%"
"10/19/2021","18,000","18,000","18,000","18,000","0.10K","-12.20%"
"10/15/2021","20,500","18,500","20,500","18,500","1.10K","12.02%"
"10/14/2021","18,300","18,400","18,400","18,000","2.10K","1.67%"
"10/13/2021","18,000","18,000","18,000","17,900","3.20K","0.00%"
"10/12/2021","18,000","18,000","18,000","17,900","1.70K","0.00%"
"10/11/2021","18,000","17,800","18,000","17,800","2.10K","1.12%"
"10/08/2021","17,800","17,700","17,800","17,700","2.30K","-1.11%"
"10/07/2021","18,000","18,000","18,000","17,800","13.40K","0.00%"
"10/06/2021","18,000","18,000","18,000","18,000","2.01K","0.00%"
"10/05/2021","18,000","18,000","18,000","18,000","0.40K","0.00%"
"10/04/2021","18,000","17,800","18,000","17,800","11.60K","2.27%"
"10/01/2021","17,600","18,000","18,000","17,600","8.50K","0.00%"
"09/30/2021","17,600","17,600","17,700","17,600","10.00K","-2.22%"
"09/29/2021","18,000","16,200","18,000","16,200","9.00K","1.69%"
"09/28/2021","17,700","17,900","18,000","17,700","6.70K","0.57%"
"09/27/2021","17,600","18,000","18,200","16,500","5.50K","-4.35%"
"09/24/2021","18,400","17,900","18,400","17,900","14.10K","2.79%"
"09/23/2021","17,900","18,000","18,700","17,800","15.80K","-5.29%"
"09/22/2021","18,900","18,100","19,400","17,500","18.30K","1.61%"
"09/21/2021","18,600","18,300","18,800","18,000","7.40K","-2.11%"
"09/20/2021","19,000","19,300","19,300","18,200","6.30K","4.97%"
"09/17/2021","18,100","19,000","19,500","18,100","7.40K","-6.70%"
"09/16/2021","19,400","19,000","19,400","17,000","7.70K","0.00%"
"09/15/2021","19,400","18,000","19,400","18,000","2.31K","2.11%"
"09/14/2021","19,000","18,300","19,500","18,300","9.10K","5.56%"
"09/13/2021","18,000","19,500","19,500","17,700","3.50K","-7.69%"
"09/10/2021","19,500","20,000","20,000","19,500","9.20K","0.00%"
"09/09/2021","19,500","17,800","19,500","17,800","1.80K","0.00%"
"09/08/2021","19,500","19,400","19,500","18,000","4.10K","-7.14%"
"09/07/2021","21,000","20,000","22,000","19,300","6.90K","8.25%"
"09/06/2021","19,400","17,400","19,400","17,400","25.53K","10.86%"
"09/01/2021","17,500","16,000","17,500","15,700","39.70K","11.46%"
"08/31/2021","15,700","15,100","15,700","15,100","11.70K","2.61%"
"08/30/2021","15,300","15,000","15,300","15,000","5.50K","2.00%"
"08/27/2021","15,000","14,800","15,000","14,700","6.90K","0.00%"
"08/26/2021","15,000","14,500","15,000","14,500","8.20K","2.04%"
"08/25/2021","14,700","14,300","14,700","14,200","3.50K","2.08%"
"08/24/2021","14,400","14,400","14,400","14,200","2.30K","-2.04%"
"08/23/2021","14,700","14,900","14,900","14,500","3.00K","-1.34%"
"08/20/2021","14,900","14,900","14,900","14,400","27.70K","0.00%"
"08/19/2021","14,900","14,900","14,900","14,800","11.00K","0.00%"
"08/18/2021","14,900","14,600","14,900","14,500","4.10K","3.47%"
"08/17/2021","14,400","14,900","15,000","14,300","40.10K","-5.26%"
"08/16/2021","15,200","16,800","16,800","14,600","25.00K","-5.00%"
"08/13/2021","16,000","16,500","16,700","16,000","6.60K","-4.76%"
"08/12/2021","16,800","16,300","17,000","16,300","19.70K","3.70%"
"08/11/2021","16,200","15,800","16,500","15,800","36.80K","2.53%"
"08/10/2021","15,800","14,500","15,800","14,500","185.30K","8.97%"
"08/06/2021","14,500","14,300","14,500","14,300","4.90K","1.40%"
"08/05/2021","14,300","14,300","14,500","14,300","25.60K","0.70%"
"08/04/2021","14,200","14,500","14,500","14,200","1.70K","-0.70%"
"08/02/2021","14,300","14,100","14,300","14,100","24.20K","2.14%"
"07/30/2021","14,000","14,000","14,000","14,000","21.10K","0.72%"
"07/28/2021","13,900","13,900","13,900","13,900","0.50K","14.88%"
"07/27/2021","12,100","12,100","12,100","12,100","1.00K","-6.92%"
"07/23/2021","13,000","13,000","13,000","13,000","0.40K","-9.09%"
"07/22/2021","14,300","14,300","14,300","14,300","0.20K","0.00%"
"07/21/2021","14,300","14,300","14,300","14,300","2.70K","-1.38%"
"07/19/2021","14,500","14,100","14,500","14,100","14.50K","-0.68%"
"07/15/2021","14,600","14,600","14,600","14,600","0.20K","0.69%"
"07/12/2021","14,500","14,500","14,500","14,500","10.30K","-3.33%"
"07/09/2021","15,000","14,500","15,000","14,500","1.40K","0.00%"
"07/06/2021","15,000","14,800","15,000","14,800","0.20K","2.04%"
"07/05/2021","14,700","15,000","17,100","14,700","2.40K","-2.00%"
"07/02/2021","15,000","14,900","15,000","14,900","1.00K","3.45%"
"07/01/2021","14,500","14,100","14,500","14,100","1.10K","2.11%"
"06/29/2021","14,200","14,000","14,200","14,000","1.90K","0.00%"
"06/25/2021","14,200","14,000","14,200","14,000","0.40K","1.43%"
"06/24/2021","14,000","14,000","14,000","14,000","3.00K","0.00%"
"06/23/2021","14,000","14,500","14,500","14,000","3.10K","-6.67%"
"06/22/2021","15,000","14,900","15,000","14,900","0.90K","2.04%"
"06/21/2021","14,700","14,500","14,700","14,500","3.00K","3.52%"
"06/18/2021","14,200","14,000","14,200","14,000","6.00K","-5.33%"
"06/15/2021","15,000","15,000","15,000","15,000","0.30K","0.00%"
"06/14/2021","15,000","15,000","15,000","15,000","0.10K","0.00%"
"06/11/2021","15,000","16,500","16,500","15,000","0.30K","0.00%"
"06/09/2021","15,000","15,000","15,000","15,000","5.40K","0.00%"
"06/08/2021","15,000","15,000","15,000","15,000","0.50K","-2.60%"
"06/07/2021","15,400","15,400","15,400","15,400","1.00K","0.00%"
"06/03/2021","15,400","15,400","15,400","15,400","7.60K","-3.75%"
"06/02/2021","16,000","14,300","16,000","14,300","3.10K","10.34%"
"05/28/2021","14,500","13,000","14,500","13,000","4.60K","11.54%"
"05/27/2021","13,000","13,000","13,000","13,000","0.10K","-10.34%"
"05/25/2021","14,500","14,500","14,500","14,500","12.00K","-2.03%"
"05/24/2021","14,800","14,800","14,800","14,800","0.90K","0.00%"
"05/21/2021","14,800","15,500","15,500","14,800","10.10K","-1.33%"
"05/20/2021","15,000","15,800","15,800","15,000","0.30K","-5.66%"
"05/19/2021","15,900","16,900","16,900","15,900","0.30K","9.66%"
"05/18/2021","14,500","15,000","15,000","14,500","7.80K","-8.23%"
"05/14/2021","15,800","13,600","15,800","13,600","1.00K","-1.25%"
"05/13/2021","16,000","16,000","16,000","16,000","0.40K","3.23%"
"05/12/2021","15,500","15,500","15,500","15,500","0.50K","0.00%"
"05/11/2021","15,500","15,000","15,500","15,000","5.10K","0.00%"
"05/10/2021","15,500","15,500","15,500","15,500","0.10K","0.00%"
"05/07/2021","15,500","16,000","16,000","15,500","2.20K","-3.13%"
"05/06/2021","16,000","14,600","16,000","14,600","1.40K","11.11%"
"05/05/2021","14,400","14,400","15,300","14,400","1.10K","-14.79%"
"04/28/2021","16,900","16,900","16,900","16,900","1.00K","0.00%"
"04/26/2021","16,900","16,900","16,900","16,900","1.20K","0.00%"
"04/23/2021","16,900","16,500","16,900","16,500","1.10K","2.42%"
"04/20/2021","16,500","16,800","16,800","16,500","0.30K","-1.79%"
"04/19/2021","16,800","16,800","16,800","16,800","0.30K","19.15%"
"04/16/2021","14,100","16,500","16,500","14,100","0.40K","-14.55%"
"04/15/2021","16,500","16,500","16,500","16,500","1.20K","3.13%"
"04/14/2021","16,000","16,600","16,700","16,000","13.50K","0.63%"
"04/13/2021","15,900","15,900","15,900","15,900","1.50K","0.00%"
"04/12/2021","15,900","15,900","15,900","15,900","0.20K","2.58%"
"04/09/2021","15,500","15,500","15,500","15,500","0.20K","-3.13%"
"04/08/2021","16,000","16,000","16,000","16,000","0.10K","-5.88%"
"04/07/2021","17,000","17,000","17,000","17,000","0.60K","1.19%"
"04/06/2021","16,800","16,900","16,900","16,300","17.53K","10.53%"
"04/05/2021","15,200","15,000","15,200","15,000","6.20K","1.33%"
"04/02/2021","15,000","15,500","15,700","15,000","8.10K","-2.60%"
"04/01/2021","15,400","18,000","18,000","15,400","2.10K","-0.65%"
"03/31/2021","15,500","16,900","16,900","15,500","9.40K","-8.28%"
"03/30/2021","16,900","16,900","16,900","16,900","0.10K","7.64%"
"03/29/2021","15,700","15,000","17,200","15,000","0.90K","4.67%"
"03/26/2021","15,000","14,500","15,000","14,500","3.20K","3.45%"
"03/25/2021","14,500","14,500","14,500","14,500","0.10K","3.57%"
"03/24/2021","14,000","14,000","14,000","14,000","1.10K","-1.41%"
"03/23/2021","14,200","14,300","14,300","14,200","3.90K","-2.07%"
"03/22/2021","14,500","16,500","16,500","14,500","1.51K","0.00%"
"03/19/2021","14,500","14,500","14,500","14,500","0.10K","-6.45%"
"03/17/2021","15,500","15,000","15,500","15,000","8.10K","6.90%"
"03/16/2021","14,500","14,100","14,500","14,000","8.70K","3.57%"
"03/15/2021","14,000","13,900","14,000","13,900","1.20K","0.00%"
"03/11/2021","14,000","13,900","14,100","13,900","1.40K","0.00%"
"03/10/2021","14,000","14,000","14,000","13,900","1.20K","0.72%"
"03/09/2021","13,900","13,900","13,900","13,900","0.20K","-4.14%"
"03/08/2021","14,500","13,800","14,500","13,800","0.70K","4.32%"
"03/04/2021","13,900","14,000","14,100","13,800","10.80K","0.00%"
"03/02/2021","13,900","14,000","14,000","13,900","0.90K","-0.71%"
"03/01/2021","14,000","14,000","14,000","14,000","2.90K","0.00%"
"02/25/2021","14,000","14,000","14,000","14,000","1.10K","-1.41%"
"02/24/2021","14,200","14,100","14,200","14,000","0.30K","1.43%"
"02/23/2021","14,000","14,200","14,200","14,000","2.70K","-1.41%"
"02/18/2021","14,200","14,000","14,200","14,000","4.10K","2.90%"
"02/17/2021","13,800","13,800","13,900","13,800","0.40K","3.76%"
"02/09/2021","13,300","13,300","13,300","13,300","1.00K","1.53%"
"02/03/2021","13,100","13,200","13,200","13,100","1.50K","0.77%"
"02/02/2021","13,000","13,000","13,000","13,000","0.20K","-2.99%"
"02/01/2021","13,400","13,500","13,500","13,400","1.10K","0.75%"
"01/29/2021","13,300","13,400","13,400","13,300","0.20K","0.76%"
"01/28/2021","13,200","13,400","13,500","13,200","3.00K","-5.04%"
"01/27/2021","13,900","13,700","13,900","13,100","2.60K","0.00%"
"01/25/2021","13,900","13,800","13,900","13,800","0.20K","0.72%"
"01/22/2021","13,800","13,800","13,800","13,800","3.20K","-5.48%"
"01/21/2021","14,600","14,600","14,600","14,600","0.20K","7.35%"
"01/20/2021","13,600","13,700","13,800","13,600","1.10K","-6.21%"
"01/19/2021","14,500","13,700","14,500","13,700","1.20K","3.57%"
"01/18/2021","14,000","14,000","14,000","14,000","0.20K","1.45%"
"01/15/2021","13,800","13,800","13,800","13,800","0.50K","0.00%"
"01/14/2021","13,800","13,800","13,800","13,800","0.50K","0.00%"
"01/13/2021","13,800","13,700","13,800","13,700","0.20K","1.47%"
"01/11/2021","13,600","13,000","13,600","13,000","1.20K","0.00%"
"01/08/2021","13,600","13,700","13,700","13,600","5.60K","0.74%"
"01/07/2021","13,500","14,100","14,100","13,500","1.70K","-1.46%"
"01/06/2021","13,700","13,800","13,800","13,700","1.10K","-2.84%"
"01/04/2021","14,100","14,100","14,100","14,100","1.30K","0.00%"
"12/31/2020","14,100","14,100","14,100","14,100","0.10K","0.71%"
"12/30/2020","14,000","14,500","14,500","14,000","4.80K","-3.45%"
"12/28/2020","14,500","14,500","14,500","14,500","0.30K","4.32%"
"12/21/2020","13,900","13,900","13,900","13,900","0.50K","0.00%"
"12/18/2020","13,900","14,100","14,100","13,900","2.80K","-2.80%"
"12/17/2020","14,300","14,300","14,300","14,300","0.10K","-2.72%"
"12/10/2020","14,700","14,700","14,700","14,700","10.00K","0.00%"
"12/07/2020","14,700","14,700","14,700","14,700","0.10K","2.80%"
"12/04/2020","14,300","14,300","14,300","14,300","0.10K","2.88%"
"12/03/2020","13,900","13,700","13,900","13,700","2.90K","0.72%"
"12/02/2020","13,800","13,500","13,800","13,500","0.40K","4.55%"
"12/01/2020","13,200","13,200","13,200","13,200","1.00K","-5.71%"
"11/27/2020","14,000","14,000","14,000","14,000","0.10K","5.26%"
"11/26/2020","13,300","13,300","13,300","13,300","0.20K","1.53%"
"11/24/2020","13,100","13,100","13,100","13,100","0.10K","-0.76%"
"11/20/2020","13,200","13,000","13,200","13,000","1.00K","1.54%"
"11/19/2020","13,000","13,000","13,000","13,000","0.20K","-8.45%"
"11/18/2020","14,200","14,200","14,200","14,200","0.20K","-1.39%"
"11/17/2020","14,400","14,400","14,400","14,400","0.10K","-3.36%"
"11/11/2020","14,900","13,600","14,900","13,600","0.50K","-5.70%"
"11/09/2020","15,800","15,800","15,800","15,800","1.00K","13.67%"
"11/06/2020","13,900","13,900","13,900","13,900","2.00K","5.30%"
"11/02/2020","13,200","13,100","13,300","13,100","7.90K","0.76%"
"10/23/2020","13,100","13,100","13,100","13,100","0.10K","0.00%"
"10/16/2020","13,100","13,100","13,100","13,100","7.00K","-2.24%"
"10/02/2020","13,400","12,900","13,400","12,700","5.11K","4.69%"
"10/01/2020","12,800","12,800","12,800","12,800","0.50K","0.00%"
"09/30/2020","12,800","12,500","12,800","12,500","2.10K","3.23%"
"09/29/2020","12,400","12,400","12,400","12,400","0.13K","-6.06%"
"09/28/2020","13,200","13,200","13,200","13,200","0.10K","7.32%"
"09/25/2020","12,300","12,300","12,300","12,300","0.20K","-8.21%"
"09/23/2020","13,400","13,000","13,400","13,000","2.20K","3.08%"
"09/22/2020","13,000","13,900","13,900","13,000","4.00K","-4.41%"
"09/18/2020","13,600","14,900","14,900","13,600","1.11K","-1.45%"
"09/16/2020","13,800","13,600","13,800","13,600","0.60K","-0.72%"
"09/15/2020","13,900","12,900","14,000","12,900","2.80K","4.51%"
"09/14/2020","13,300","11,700","13,300","11,700","1.10K","0.76%"
"09/11/2020","13,200","13,200","13,200","13,200","0.10K","3.13%"
"09/10/2020","12,800","13,600","13,600","12,800","0.20K","0.79%"
"09/09/2020","12,700","12,700","12,700","12,700","0.10K","-3.05%"
"09/04/2020","13,100","12,700","13,100","12,700","1.40K","2.34%"
"09/03/2020","12,800","12,800","12,800","12,800","2.70K","0.00%"
"09/01/2020","12,800","12,800","12,800","12,800","1.60K","-3.03%"
"08/31/2020","13,200","13,200","13,200","13,200","0.10K","5.60%"
"08/26/2020","12,500","13,400","13,400","12,500","2.01K","-3.10%"
"08/25/2020","12,900","13,300","13,300","12,500","5.01K","7.50%"
"08/24/2020","12,000","11,100","12,000","11,100","1.41K","-5.51%"
"08/21/2020","12,700","12,700","12,700","12,700","0.15K","-9.93%"
"08/20/2020","14,100","14,200","14,200","13,100","2.00K","8.46%"
"08/19/2020","13,000","14,200","14,200","13,000","1.20K","-8.45%"
"08/18/2020","14,200","14,000","14,200","13,500","1.60K","7.58%"
"08/14/2020","13,200","12,900","13,200","12,900","4.23K","5.60%"
"08/13/2020","12,500","12,000","12,500","11,900","1.50K","-2.34%"
"08/12/2020","12,800","12,800","12,800","12,800","1.00K","6.67%"
"08/11/2020","12,000","12,000","12,000","12,000","0.60K","0.00%"
"08/10/2020","12,000","12,000","12,000","12,000","2.81K","0.84%"
"08/07/2020","11,900","11,900","11,900","11,900","1.00K","-7.03%"
"08/06/2020","12,800","12,800","12,800","12,800","1.00K","9.40%"
"08/05/2020","11,700","11,700","11,700","11,700","1.01K","-12.03%"
"08/04/2020","13,300","13,300","13,300","13,300","1.00K","9.02%"
"08/03/2020","12,200","12,200","12,200","12,200","1.00K","8.93%"
"07/31/2020","11,200","11,200","11,200","11,200","1.00K","-8.94%"
"07/30/2020","12,300","12,300","12,300","12,300","2.10K","11.82%"
"07/29/2020","11,000","11,000","11,000","11,000","0.50K","-13.39%"
"07/28/2020","12,700","11,000","12,700","11,000","3.70K","2.42%"
"07/24/2020","12,400","12,400","12,400","12,400","10.50K","0.00%"
"07/23/2020","12,400","12,400","12,400","12,400","0.50K","-6.77%"
"07/22/2020","13,300","13,300","13,300","13,300","1.40K","6.40%"
"07/21/2020","12,500","12,500","12,500","12,500","5.80K","-3.85%"
"07/17/2020","13,000","12,300","13,400","12,200","4.60K","4.00%"
"07/16/2020","12,500","12,500","12,500","12,500","0.20K","-4.58%"
"07/15/2020","13,100","13,700","13,700","13,100","2.50K","0.77%"
"07/13/2020","13,000","12,900","13,000","12,800","4.50K","-5.80%"
"07/10/2020","13,800","12,700","13,800","12,700","5.50K","8.66%"
"07/09/2020","12,700","12,800","12,900","12,700","5.90K","-3.05%"
"07/07/2020","13,100","13,100","13,100","13,100","1.00K","4.80%"
"07/06/2020","12,500","12,500","12,500","12,500","0.50K","-10.07%"
"07/02/2020","13,900","13,800","13,900","13,800","1.00K","0.00%"
"07/01/2020","13,900","13,900","13,900","13,900","0.50K","-2.80%"
"06/30/2020","14,300","14,300","14,300","14,300","0.50K","6.72%"
"06/26/2020","13,400","14,300","14,300","13,400","11.50K","8.06%"
"06/25/2020","12,400","12,800","12,800","12,400","1.50K","-1.59%"
"06/23/2020","12,600","12,500","12,600","12,500","12.00K","0.80%"
"06/22/2020","12,500","12,500","12,500","12,500","5.60K","2.46%"
"06/19/2020","12,200","12,300","12,300","12,200","0.80K","-2.40%"
"06/18/2020","12,500","12,100","12,500","12,100","1.00K","-4.58%"
"06/11/2020","13,100","13,100","13,100","13,100","1.00K","1.55%"
"06/10/2020","12,900","12,900","12,900","12,900","0.40K","-3.01%"
"06/09/2020","13,300","13,300","13,300","13,300","0.80K","9.92%"
"06/08/2020","12,100","13,500","13,500","12,100","2.90K","-9.02%"
"06/05/2020","13,300","13,300","13,300","13,300","1.00K","6.40%"
"06/02/2020","12,500","12,500","12,500","12,500","0.50K","-6.72%"
"05/29/2020","13,400","13,400","13,400","13,400","1.00K","3.08%"
"05/27/2020","13,000","12,800","13,000","12,800","3.70K","0.00%"
"05/26/2020","13,000","13,000","13,000","13,000","3.30K","-5.80%"
"05/21/2020","13,800","13,800","13,800","13,800","1.00K","10.40%"
"05/20/2020","12,500","13,000","13,000","12,500","1.40K","-4.58%"
"05/19/2020","13,100","13,300","13,500","13,100","5.20K","-2.96%"
"05/18/2020","13,500","17,700","17,700","13,400","2.50K","-13.46%"
"05/15/2020","15,600","15,600","15,600","15,600","1.00K","13.04%"
"05/12/2020","13,800","12,300","13,800","12,300","3.60K","6.15%"
"05/11/2020","13,000","13,000","13,000","13,000","4.30K","0.00%"
"05/08/2020","13,000","13,000","13,000","13,000","2.80K","-9.72%"
"05/07/2020","14,400","14,400","14,400","14,400","2.10K","-10.56%"
"05/05/2020","16,100","16,900","16,900","16,100","1.70K","24.81%"
"05/04/2020","12,900","17,200","17,200","12,900","5.30K","-14.57%"
"04/29/2020","15,100","15,100","15,100","15,100","1.00K","2.03%"
"04/27/2020","14,800","14,800","14,800","14,800","0.30K","13.85%"
"04/24/2020","13,000","13,000","13,000","13,000","0.20K","-13.91%"
"04/22/2020","15,100","13,000","15,500","13,000","5.20K","20.80%"
"04/21/2020","12,500","14,900","14,900","12,500","3.30K","-6.02%"
"04/17/2020","13,300","13,000","13,300","12,900","50.10K","-3.62%"
"04/16/2020","13,800","14,800","14,800","12,000","1.70K","3.76%"
"04/15/2020","13,300","13,300","13,300","13,200","111.10K","14.66%"
"04/09/2020","11,600","11,600","11,600","11,600","1.00K","13.73%"
"04/08/2020","10,200","10,200","10,200","10,200","0.40K","14.61%"
"04/07/2020","8,900","8,900","8,900","8,900","0.10K","-4.30%"
"04/03/2020","9,300","7,600","9,300","7,600","1.60K","14.81%"
"04/01/2020","8,100","8,100","8,100","8,100","0.10K","14.08%"
"03/30/2020","7,100","7,100","7,100","7,100","1.70K","-5.33%"
"03/27/2020","7,500","7,500","7,500","7,500","2.50K","-12.79%"
"03/24/2020","8,600","8,600","8,600","8,600","2.60K","-4.44%"
"03/23/2020","9,000","9,000","9,000","9,000","0.50K","1.12%"
"03/20/2020","8,900","8,900","8,900","8,900","1.10K","1.14%"
"03/19/2020","8,800","9,800","9,800","8,800","2.30K","1.15%"
"03/18/2020","8,700","8,700","8,700","8,700","0.40K","-7.45%"
"03/17/2020","9,400","7,500","9,400","7,500","3.00K","8.05%"
"03/16/2020","8,700","8,700","8,700","8,700","1.90K","-3.33%"
"03/12/2020","9,000","9,300","9,300","9,000","1.60K","-10.00%"
"03/10/2020","10,000","8,000","10,000","8,000","4.00K","14.94%"
"03/09/2020","8,700","8,700","8,700","8,700","3.00K","-9.38%"
"03/05/2020","9,600","10,200","10,200","9,600","1.70K","-7.69%"
"03/04/2020","10,400","10,500","10,500","10,400","0.30K","-1.89%"
"03/03/2020","10,600","10,400","10,600","10,400","1.80K","3.92%"
"02/26/2020","10,200","10,200","10,200","10,200","0.10K","-6.42%"
"02/18/2020","10,900","10,900","10,900","10,900","0.10K","0.00%"
"02/13/2020","10,900","10,900","10,900","10,900","0.11K","0.00%"
"02/12/2020","10,900","10,900","10,900","10,900","1.30K","0.93%"
"02/10/2020","10,800","10,800","10,800","10,800","0.50K","0.93%"
"02/07/2020","10,700","10,700","10,700","10,700","0.80K","0.00%"
"02/05/2020","10,700","10,300","10,700","10,300","0.80K","11.46%"
"02/03/2020","9,600","9,600","9,600","9,600","1.80K","-4.95%"
"01/31/2020","10,100","10,000","10,100","10,000","1.30K","-11.40%"
"01/30/2020","11,400","11,400","11,400","11,400","0.50K","3.64%"
"01/22/2020","11,000","11,000","11,000","11,000","0.50K","2.80%"
"01/17/2020","10,700","10,700","10,700","10,700","1.50K","-3.60%"
"01/14/2020","11,100","11,100","11,100","11,100","0.10K","0.00%"
"01/13/2020","11,100","11,100","11,100","11,100","0.40K","3.74%"
"01/10/2020","10,700","10,700","10,700","10,700","0.20K","-0.93%"
"01/09/2020","10,800","10,800","10,800","10,800","0.70K","0.00%"
"01/08/2020","10,800","10,800","10,800","10,800","1.00K","-1.82%"
"01/07/2020","11,000","11,000","11,000","11,000","0.20K","0.92%"
"01/06/2020","10,900","10,900","10,900","10,900","2.10K","0.93%"
"01/03/2020","10,800","11,100","11,100","10,800","2.10K","0.00%"
"01/02/2020","10,800","10,700","10,800","10,700","0.90K","-0.92%"
"12/30/2019","10,900","10,900","10,900","10,900","0.10K","1.87%"
"12/27/2019","10,700","10,700","10,700","10,700","1.30K","-0.93%"
"12/26/2019","10,800","10,800","10,800","10,800","1.50K","-1.82%"
"12/25/2019","11,000","11,000","11,000","11,000","0.20K","-0.90%"
"12/23/2019","11,100","11,100","11,100","11,100","1.20K","2.78%"
"12/20/2019","10,800","10,800","10,800","10,800","0.70K","-0.92%"
"12/19/2019","10,900","10,900","10,900","10,900","1.00K","-0.91%"
"12/18/2019","11,000","11,100","11,100","11,000","1.70K","1.85%"
"12/17/2019","10,800","10,800","10,800","10,800","0.70K","1.89%"
"12/16/2019","10,600","10,700","10,800","10,600","3.80K","-3.64%"
"12/13/2019","11,000","10,700","11,000","10,700","1.10K","-3.51%"
"12/11/2019","11,400","11,400","11,400","11,400","2.20K","6.54%"
"12/10/2019","10,700","10,700","10,700","10,700","0.10K","-6.96%"
"12/09/2019","11,500","11,500","11,500","11,500","1.20K","4.55%"
"12/06/2019","11,000","11,000","11,000","11,000","0.10K","-5.17%"
"12/02/2019","11,600","11,600","11,600","11,600","1.80K","6.42%"
"11/29/2019","10,900","10,900","10,900","10,900","1.20K","0.00%"
"11/27/2019","10,900","10,900","10,900","10,900","0.20K","1.87%"
"11/26/2019","10,700","10,700","10,700","10,700","0.30K","0.00%"
"11/22/2019","10,700","10,700","10,700","10,700","0.10K","0.94%"
"11/21/2019","10,600","10,600","10,600","10,600","0.10K","-1.85%"
"11/14/2019","10,800","11,100","11,100","10,800","2.10K","0.93%"
"11/12/2019","10,700","10,700","10,700","10,700","0.20K","0.00%"
"11/11/2019","10,700","10,700","10,700","10,700","0.20K","0.00%"
"11/08/2019","10,700","11,300","11,300","10,700","4.20K","-2.73%"
"11/07/2019","11,000","11,200","11,200","10,300","7.20K","-6.78%"
"11/04/2019","11,800","11,700","11,800","11,700","3.10K","8.26%"
"11/01/2019","10,900","10,900","11,000","10,900","7.90K","-5.22%"
"10/31/2019","11,500","12,400","12,400","11,500","0.90K","6.48%"
"10/30/2019","10,800","12,100","12,100","10,800","2.30K","-6.09%"
"10/29/2019","11,500","11,500","11,500","11,500","0.10K","-6.50%"
"10/25/2019","12,300","12,300","12,300","12,300","2.40K","11.82%"
"10/21/2019","11,000","10,700","11,400","10,700","3.00K","0.00%"
"10/18/2019","11,000","11,000","11,000","11,000","8.00K","-0.90%"
"10/17/2019","11,100","11,400","11,500","11,100","2.00K","0.91%"
"10/16/2019","11,000","12,400","12,400","11,000","2.50K","-3.51%"
"10/14/2019","11,400","11,400","11,400","11,400","2.50K","3.64%"
"10/11/2019","11,000","10,900","11,000","10,600","8.10K","0.92%"
"10/10/2019","10,900","10,800","10,900","10,800","3.40K","0.93%"
"10/09/2019","10,800","10,800","10,800","10,600","9.10K","0.00%"
"10/08/2019","10,800","10,400","10,800","10,400","2.60K","-0.92%"
"10/07/2019","10,900","10,900","10,900","10,900","1.30K","0.93%"
"10/04/2019","10,800","11,500","11,500","10,800","1.30K","0.00%"
"10/02/2019","10,800","10,700","10,800","10,700","1.90K","0.93%"
"10/01/2019","10,700","10,700","10,700","10,500","3.50K","0.00%"
"09/30/2019","10,700","10,700","10,700","10,500","4.20K","3.88%"
"09/27/2019","10,300","11,000","11,100","10,300","10.70K","-6.36%"
"09/26/2019","11,000","11,100","11,100","11,000","3.20K","-1.79%"
"09/25/2019","11,200","11,000","11,400","11,000","4.20K","-1.75%"
"09/24/2019","11,400","11,000","11,400","11,000","2.00K","0.00%"
"09/23/2019","11,400","11,400","11,400","11,400","4.00K","0.00%"
"09/20/2019","11,400","11,500","11,500","11,400","0.70K","-2.56%"
"09/19/2019","11,700","11,400","11,700","11,400","2.60K","0.00%"
"09/18/2019","11,700","11,400","11,700","11,400","2.30K","1.74%"
"09/17/2019","11,500","11,500","11,500","11,500","1.70K","0.00%"
"09/16/2019","11,500","11,100","11,500","11,100","3.60K","-3.36%"
"09/13/2019","11,900","11,200","11,900","11,200","2.80K","7.21%"
"09/12/2019","11,100","12,000","12,000","11,100","1.90K","-5.93%"
"09/11/2019","11,800","11,700","11,800","11,700","0.30K","11.32%"
"09/10/2019","10,600","10,600","10,600","10,600","1.80K","-5.36%"
"09/09/2019","11,200","11,200","11,200","11,200","2.42K","-4.27%"
"09/06/2019","11,700","11,700","11,800","11,700","20.10K","1.74%"
"09/05/2019","11,500","11,700","11,700","11,500","19.10K","-2.54%"
"09/04/2019","11,800","11,600","12,000","11,600","6.50K","-1.67%"
"09/03/2019","12,000","11,500","12,000","11,500","1.80K","-4.00%"
"08/30/2019","12,500","12,000","12,500","11,400","4.10K","0.00%"
"08/29/2019","12,500","13,100","13,100","12,500","0.70K","-1.57%"
"08/27/2019","12,700","11,300","12,700","11,300","2.70K","1.60%"
"08/26/2019","12,500","11,200","12,500","11,200","2.40K","0.00%"
"08/23/2019","12,500","11,400","12,500","11,400","7.80K","-2.34%"
"08/22/2019","12,800","11,200","12,800","11,200","3.50K","2.40%"
"08/21/2019","12,500","12,500","12,500","12,500","1.00K","0.00%"
"08/20/2019","12,500","12,500","12,500","12,500","2.20K","0.00%"
"08/19/2019","12,500","12,500","12,500","12,500","3.20K","0.00%"
"08/16/2019","12,500","12,500","12,500","12,300","5.40K","2.46%"
"08/15/2019","12,200","12,100","12,200","12,100","0.30K","-6.15%"
"08/13/2019","13,000","12,000","13,000","12,000","2.30K","1.56%"
"08/12/2019","12,800","12,800","12,800","12,800","0.10K","-7.91%"
"08/09/2019","13,900","13,900","14,500","13,900","14.40K","2.96%"
"08/08/2019","13,500","13,500","13,500","13,000","27.70K","12.50%"
"08/07/2019","12,000","11,500","12,000","11,500","4.80K","-2.44%"
"08/05/2019","12,300","12,800","12,800","12,300","11.70K","-4.65%"
"08/02/2019","12,900","12,900","12,900","12,900","4.50K","0.00%"
"08/01/2019","12,900","12,900","12,900","12,900","1.00K","-0.77%"
"07/31/2019","13,000","13,000","13,000","12,900","4.70K","-0.76%"
"07/30/2019","13,100","13,000","13,100","13,000","4.70K","0.00%"
"07/29/2019","13,100","13,100","13,100","13,100","2.40K","-1.50%"
"07/26/2019","13,300","13,000","13,300","13,000","7.60K","1.53%"
"07/25/2019","13,100","13,000","13,100","13,000","6.40K","0.00%"
"07/24/2019","13,100","13,100","13,100","13,100","1.50K","1.55%"
"07/23/2019","12,900","12,900","12,900","12,900","3.00K","0.00%"
"07/22/2019","12,900","12,600","12,900","12,600","5.00K","-0.77%"
"07/19/2019","13,000","12,900","13,200","12,800","8.40K","0.78%"
"07/18/2019","12,900","12,600","13,000","12,600","6.50K","3.20%"
"07/17/2019","12,500","12,500","13,000","12,500","6.80K","-3.85%"
"07/16/2019","13,000","13,000","13,000","13,000","1.70K","0.00%"
"07/15/2019","13,000","13,000","13,000","13,000","1.70K","-1.52%"
"07/12/2019","13,200","13,200","13,200","13,200","0.50K","-2.22%"
"07/11/2019","13,500","13,000","13,800","13,000","10.10K","0.00%"
"07/10/2019","13,500","12,400","13,500","12,400","3.10K","8.87%"
"07/09/2019","12,400","13,400","13,400","12,400","1.60K","0.00%"
"07/08/2019","12,400","13,000","13,000","12,200","1.40K","-4.62%"
"07/05/2019","13,000","13,300","13,300","13,000","2.10K","-6.47%"
"07/04/2019","13,900","13,800","13,900","13,100","24.00K","0.00%"
"07/03/2019","13,900","13,800","13,900","13,800","0.50K","0.00%"
"07/02/2019","13,900","13,900","13,900","13,900","0.10K","13.93%"
"07/01/2019","12,200","12,000","12,200","12,000","3.50K","1.67%"
"06/28/2019","12,000","12,100","12,100","11,800","2.10K","-2.44%"
"06/27/2019","12,300","12,000","12,300","11,800","1.00K","-4.65%"
"06/20/2019","12,900","17,300","17,300","12,900","0.50K","-14.57%"
"06/12/2019","15,100","15,100","15,100","15,100","0.10K","14.39%"
"06/06/2019","13,200","13,200","13,200","13,200","0.10K","-14.55%"
"06/03/2019","15,447","15,447","15,447","15,447","0.10K","19.74%"
"05/30/2019","12,900","17,300","17,300","12,900","0.30K","-14.57%"
"05/14/2019","15,100","15,100","15,100","15,100","0.10K","14.39%"
"05/10/2019","13,200","13,200","13,200","13,200","0.10K","14.78%"
"05/09/2019","11,500","11,500","11,500","11,500","3.50K","-4.17%"
"05/08/2019","12,000","11,500","12,000","11,000","4.30K","0.00%"
"05/06/2019","12,000","12,000","12,000","12,000","0.10K","-14.29%"
"04/10/2019","14,000","14,000","14,000","14,000","0.20K","-14.63%"
"04/05/2019","16,400","16,400","16,400","16,400","0.10K","14.69%"
"04/01/2019","14,300","14,300","14,300","14,300","0.10K","14.40%"
"03/28/2019","12,500","12,200","12,500","12,200","7.50K","-12.59%"
"03/26/2019","14,300","14,300","14,300","14,300","0.10K","14.40%"
"03/25/2019","12,500","12,500","12,500","12,500","2.10K","0.00%"
"03/22/2019","12,500","12,500","12,500","12,500","2.10K","-7.41%"
"03/21/2019","13,500","13,300","13,500","13,300","4.00K","0.00%"
"03/18/2019","13,500","13,500","13,500","13,500","0.10K","14.41%"
"03/15/2019","11,800","11,800","11,800","11,800","1.80K","0.00%"
"03/14/2019","11,800","11,800","11,800","11,800","1.20K","-14.49%"
"03/12/2019","13,800","13,800","13,800","13,800","0.10K","15.00%"
"03/01/2019","12,000","12,000","12,000","12,000","0.30K","0.00%"
"02/25/2019","12,000","13,800","13,800","12,000","0.30K","0.00%"
"02/22/2019","12,000","12,000","12,000","12,000","0.40K","0.00%"
"02/21/2019","12,000","12,000","12,000","12,000","0.14K","0.00%"
"02/20/2019","12,000","12,000","12,000","12,000","0.30K","0.00%"
"02/19/2019","12,000","12,100","12,100","12,000","3.10K","-13.04%"
"02/18/2019","13,800","13,800","13,800","13,800","0.10K","15.00%"
"02/15/2019","12,000","12,000","12,000","12,000","2.00K","-6.25%"
"02/13/2019","12,800","12,800","12,800","12,800","0.10K","-7.25%"
"02/12/2019","13,800","13,800","13,800","13,800","0.10K","15.00%"
"02/11/2019","12,000","12,000","12,000","12,000","2.00K","-11.11%"
"02/01/2019","13,500","13,500","13,500","13,500","2.00K","-2.88%"
"01/30/2019","13,900","13,900","13,900","13,900","0.10K","6.92%"
"01/28/2019","13,000","14,100","14,100","12,000","4.00K","5.69%"
"01/18/2019","12,300","12,300","12,300","12,300","0.10K","-14.58%"
"01/17/2019","14,400","14,400","14,400","14,400","0.10K","14.29%"
"01/15/2019","12,600","12,600","12,600","12,600","0.10K","14.55%"
"01/14/2019","11,000","11,000","11,000","11,000","4.80K","0.00%"
"01/07/2019","11,000","10,800","11,000","10,800","10.00K","2.80%"
"01/02/2019","10,700","10,700","10,700","10,700","1.00K","-2.73%"
"12/28/2018","11,000","11,000","11,000","11,000","3.00K","7.84%"
"12/25/2018","10,200","10,400","10,400","10,200","0.90K","-7.27%"
"12/24/2018","11,000","11,000","11,000","11,000","6.00K","0.00%"
"12/21/2018","11,000","11,000","11,000","11,000","5.00K","0.00%"
"12/20/2018","11,000","11,100","11,100","11,000","3.30K","-0.90%"
"12/19/2018","11,100","11,000","11,100","11,000","3.00K","0.91%"
"12/18/2018","11,000","11,000","11,000","11,000","1.00K","-2.65%"
"12/11/2018","11,300","11,300","11,300","11,300","2.00K","0.00%"
"12/10/2018","11,300","11,300","11,300","11,300","2.00K","0.00%"
"12/07/2018","11,300","11,200","11,300","11,200","2.00K","-1.74%"
"11/28/2018","11,500","11,500","11,500","11,500","0.10K","-4.17%"
"11/26/2018","12,000","11,300","12,000","11,300","2.50K","8.11%"
"11/21/2018","11,100","11,100","11,100","11,100","1.00K","0.00%"
"11/20/2018","11,100","11,000","11,100","11,000","2.00K","7.77%"
"11/19/2018","10,300","10,300","10,300","10,300","1.50K","-8.04%"
"11/16/2018","11,200","10,500","11,200","10,000","1.50K","0.00%"
"11/05/2018","11,200","11,200","11,200","11,200","0.10K","-8.20%"
"10/16/2018","12,200","12,200","12,200","12,200","0.10K","8.93%"
"10/11/2018","11,200","11,200","11,200","11,200","0.10K","-5.08%"
"10/04/2018","11,800","11,800","11,800","11,800","0.10K","-4.84%"
"09/25/2018","12,400","12,400","12,400","12,400","0.10K","0.00%"
"09/05/2018","12,400","12,400","12,400","12,400","2.00K","6.90%"
"09/04/2018","11,600","11,600","11,600","11,600","0.20K","0.00%"
"08/29/2018","11,600","11,600","11,600","11,600","1.40K","0.00%"
"08/28/2018","11,600","11,600","11,600","11,600","0.50K","0.00%"
"08/27/2018","11,600","11,600","11,600","11,600","0.50K","-3.33%"
"08/21/2018","12,000","11,900","12,000","11,900","0.30K","2.56%"
"08/13/2018","11,700","11,700","11,700","11,700","2.00K","0.00%"
"08/10/2018","11,700","11,700","11,700","11,700","","0.00%"
"08/08/2018","11,700","11,700","11,700","11,700","0.10K","-7.87%"
"08/02/2018","12,700","12,700","12,700","12,600","1.50K","9.48%"
"08/01/2018","11,600","11,600","11,600","11,600","0.80K","-11.45%"
"07/30/2018","13,100","13,100","13,100","13,100","0.10K","13.91%"
"07/27/2018","11,500","11,500","11,500","11,500","1.40K","-11.54%"
"07/24/2018","13,000","13,000","13,000","13,000","0.50K","1.56%"
"07/23/2018","12,800","12,700","12,800","12,700","0.20K","14.29%"
"07/20/2018","11,200","11,200","11,200","11,200","0.40K","-2.61%"
"07/12/2018","11,500","11,500","11,500","11,500","1.00K","-0.86%"
"07/06/2018","11,600","11,600","11,600","11,600","0.10K","-7.94%"
"06/12/2018","12,600","12,600","12,600","12,600","0.10K","13.51%"
"06/08/2018","11,100","11,100","11,100","11,100","3.00K","0.00%"
"06/07/2018","11,100","12,672","12,672","11,100","6.10K","0.00%"
"06/06/2018","11,100","11,100","11,100","11,100","0.20K","-7.69%"
"05/28/2018","12,025","12,025","12,025","12,025","0.10K","7.44%"
"05/24/2018","11,192","11,285","11,285","11,192","0.20K","-10.38%"
"05/16/2018","12,488","12,488","12,488","12,488","0.40K","9.76%"
"05/15/2018","11,378","12,488","12,488","11,378","0.30K","0.82%"
"05/14/2018","11,285","11,285","11,285","11,285","0.20K","-2.40%"
"05/08/2018","11,562","11,562","11,562","11,562","0.50K","0.00%"
"05/07/2018","11,562","11,562","11,562","11,562","0.10K","0.00%"
"05/04/2018","11,562","11,562","11,562","11,562","0.20K","0.00%"
"04/26/2018","11,562","11,562","11,562","11,562","0.10K","-14.36%"
"04/20/2018","13,500","13,500","13,500","13,500","","8.10%"
"04/19/2018","12,488","13,412","13,412","12,488","1.10K","-6.89%"
"04/17/2018","13,412","13,412","13,412","13,412","0.30K","7.40%"
"04/12/2018","12,488","12,488","12,672","12,488","1.70K","-2.88%"
"04/11/2018","12,858","12,858","12,858","12,858","2.40K","-1.41%"
"04/10/2018","13,042","12,765","13,042","12,765","0.20K","0.00%"
"04/09/2018","13,042","13,042","13,042","13,042","2.70K","0.00%"
"04/06/2018","13,042","13,042","13,042","13,042","0.10K","2.17%"
"04/05/2018","12,765","11,100","12,765","11,100","48.50K","15.00%"
"04/04/2018","11,100","11,100","11,100","11,100","1.20K","0.00%"
"04/03/2018","11,100","11,008","11,100","11,008","0.20K","9.09%"
"04/02/2018","10,175","10,915","10,915","10,175","4.80K","-8.33%"
"03/30/2018","11,100","10,638","11,100","10,638","0.30K","4.34%"
"03/28/2018","10,638","10,175","10,638","10,175","4.00K","0.00%"
"03/23/2018","10,638","8,972","10,638","8,972","0.20K","1.78%"
"03/21/2018","10,452","10,452","10,452","10,452","1.00K","-5.05%"
"03/20/2018","11,008","10,175","11,008","10,175","4.10K","11.21%"
"03/16/2018","9,898","9,898","9,898","9,898","1.00K","0.00%"
"03/15/2018","9,898","9,898","9,898","9,898","0.10K","-2.72%"
"03/14/2018","10,175","10,175","10,175","10,175","0.10K","-1.79%"
"03/13/2018","10,360","10,360","11,008","10,360","19.10K","-3.45%"
"03/09/2018","10,730","11,100","11,100","10,730","0.20K","-3.33%"
"03/08/2018","11,100","10,638","11,100","10,638","14.80K","4.34%"
"03/07/2018","10,638","10,268","10,638","10,268","2.50K","0.00%"
"03/06/2018","10,638","10,638","10,638","10,638","1.40K","3.60%"
"03/05/2018","10,268","10,638","10,638","10,268","15.80K","-3.48%"
"03/02/2018","10,638","10,360","10,638","10,360","3.30K","4.55%"
"03/01/2018","10,175","11,378","11,378","10,082","1.50K","0.92%"
"02/28/2018","10,082","9,990","10,082","9,990","3.30K","0.00%"
"02/26/2018","10,082","10,082","10,082","10,082","0.30K","0.92%"
"02/23/2018","9,990","9,990","9,990","9,990","2.00K","0.00%"
"02/22/2018","9,990","9,990","9,990","9,990","10.04K","-2.71%"
"02/21/2018","10,268","10,268","10,268","10,268","0.20K","2.78%"
"02/13/2018","9,990","9,990","9,990","9,990","2.00K","-6.09%"
"02/09/2018","10,638","10,638","10,638","10,638","0.10K","13.87%"
"02/05/2018","9,342","9,342","9,342","9,342","1.00K","-8.19%"
"02/01/2018","10,175","10,175","10,175","10,175","0.10K","4.77%"
"01/29/2018","9,712","9,342","9,712","9,250","9.00K","0.00%"
"01/24/2018","9,712","9,712","9,712","9,712","1.10K","0.00%"
"01/23/2018","9,712","9,712","9,712","9,712","0.40K","0.00%"
"01/19/2018","9,712","9,712","9,712","9,712","0.20K","0.00%"
"01/18/2018","9,712","9,712","9,712","9,712","1.00K","-3.67%"
"01/17/2018","10,082","10,082","10,082","10,082","0.40K","5.81%"
"01/12/2018","9,528","9,528","9,528","9,528","0.50K","0.00%"
"01/11/2018","9,528","9,528","9,528","9,435","3.60K","-5.49%"
"01/05/2018","10,082","8,788","10,082","8,788","0.20K","2.83%"
"01/02/2018","9,805","9,528","9,805","9,528","1.10K","-1.85%"
"12/29/2017","9,990","9,990","9,990","9,990","0.10K","0.00%"
"12/28/2017","9,990","9,990","9,990","9,990","0.10K","14.89%"
"12/26/2017","8,695","8,695","8,695","8,695","0.10K","-12.96%"
"12/25/2017","9,990","10,082","10,082","9,990","0.50K","0.00%"
"12/14/2017","9,990","9,990","9,990","9,990","0.80K","-1.82%"
"12/12/2017","10,175","10,175","10,175","10,175","0.10K","7.84%"
"11/30/2017","9,435","9,805","9,805","9,435","3.10K","-7.27%"
"11/29/2017","10,175","10,175","10,175","10,175","0.80K","0.00%"
"11/28/2017","10,175","10,175","10,175","10,175","1.00K","0.00%"
"11/27/2017","10,175","9,805","10,175","9,805","0.20K","0.00%"
"11/21/2017","10,175","10,175","10,175","10,175","0.50K","1.85%"
"11/17/2017","9,990","9,990","9,990","9,990","1.00K","5.88%"
"11/14/2017","9,435","9,435","9,435","9,435","0.10K","1.00%"
"11/09/2017","9,342","9,342","9,342","9,342","0.10K","14.77%"
"11/08/2017","8,140","8,140","8,140","8,140","0.10K","-14.57%"
"11/07/2017","9,528","9,528","9,528","9,528","0.10K","0.00%"
"11/06/2017","9,528","9,528","9,528","9,528","0.10K","14.45%"
"11/03/2017","8,325","8,325","8,325","8,325","0.10K","-14.28%"
"10/31/2017","9,712","9,712","9,712","9,712","0.50K","2.94%"
"10/23/2017","9,435","9,435","9,435","9,435","0.20K","7.36%"
"10/20/2017","8,788","8,788","8,788","8,788","0.20K","-15.17%"
"10/11/2017","10,360","10,175","10,360","10,175","0.60K","3.70%"
"10/04/2017","9,990","9,990","9,990","9,990","0.10K","0.00%"
"10/02/2017","9,990","9,990","9,990","9,990","0.20K","0.00%"
"09/25/2017","9,990","9,990","9,990","9,990","0.20K","2.86%"
"09/20/2017","9,712","9,712","9,712","9,712","0.50K","-0.95%"
"09/12/2017","9,805","9,805","9,805","9,805","1.50K","0.96%"
"09/07/2017","9,712","9,712","9,712","9,712","0.10K","3.96%"
"09/06/2017","9,342","9,342","9,342","9,342","","0.00%"
"09/05/2017","9,342","9,342","9,342","9,342","","0.00%"
"08/28/2017","9,342","9,342","9,342","9,342","0.10K","-14.41%"
"08/25/2017","10,915","10,915","10,915","10,915","0.10K","12.39%"
"08/24/2017","9,712","9,620","9,712","9,620","0.60K","-4.55%"
"08/21/2017","10,175","10,175","10,175","10,175","2.40K","-7.57%"
"08/18/2017","11,008","11,008","11,008","11,008","0.10K","13.34%"
"07/31/2017","9,712","11,008","11,008","9,712","3.10K","0.00%"
"07/28/2017","9,712","9,712","9,712","9,712","5.00K","-1.88%"
"07/26/2017","9,898","9,898","9,898","9,898","1.00K","0.00%"
"07/25/2017","9,898","9,898","9,898","9,898","1.00K","0.00%"
"07/24/2017","9,898","9,898","9,898","9,898","2.00K","0.00%"
"07/21/2017","9,898","9,898","9,898","9,898","6.00K","-1.83%"
"07/20/2017","10,082","10,082","10,082","10,082","0.50K","0.00%"
"07/19/2017","10,082","10,175","10,175","10,082","3.20K","1.86%"
"07/18/2017","9,898","10,175","10,175","9,898","1.10K","1.92%"
"07/12/2017","9,712","9,712","9,712","9,712","0.50K","4.99%"
"07/10/2017","9,250","9,250","9,250","9,250","0.10K","-13.05%"
"07/05/2017","10,638","10,638","10,638","10,638","5.70K","0.00%"
"07/04/2017","10,638","10,175","10,638","10,175","2.10K","-0.86%"
"06/30/2017","10,730","10,730","10,730","10,730","0.50K","-3.33%"
"06/29/2017","11,100","11,100","11,100","11,100","0.10K","7.14%"
"06/20/2017","10,360","10,175","10,360","10,175","9.30K","0.91%"
"06/13/2017","10,267","10,267","10,267","10,267","0.20K","0.82%"
"06/09/2017","10,183","10,098","10,437","10,098","2.30K","0.84%"
"06/08/2017","10,098","10,098","10,098","10,098","1.00K","0.00%"
"06/07/2017","10,098","10,098","10,098","10,098","0.50K","-0.83%"
"06/05/2017","10,183","10,183","10,183","10,183","0.50K","2.57%"
"05/30/2017","9,928","10,183","10,183","9,928","5.10K","-2.50%"
"05/29/2017","10,183","10,183","10,183","10,183","1.50K","2.57%"
"05/25/2017","9,928","9,928","9,928","9,928","0.10K","-2.50%"
"05/24/2017","10,183","10,183","10,183","10,183","1.30K","0.00%"
"05/23/2017","10,183","10,183","10,183","10,183","0.50K","3.45%"
"05/17/2017","9,843","10,183","10,183","9,843","0.80K","-3.34%"
"05/11/2017","10,183","10,607","10,607","10,183","1.00K","0.00%"
"05/10/2017","10,183","10,946","10,946","10,183","4.00K","-7.69%"
"05/09/2017","11,031","11,031","11,031","11,031","0.70K","-12.17%"
"05/05/2017","12,559","12,559","12,559","12,559","0.50K","-0.66%"
"04/24/2017","12,643","12,643","12,643","12,643","0.50K","14.61%"
"04/21/2017","11,031","11,031","11,031","11,031","2.00K","0.00%"
"04/20/2017","11,031","11,031","11,031","11,031","2.70K","-1.52%"
"04/19/2017","11,201","11,201","11,201","11,201","6.00K","-12.00%"
"04/04/2017","12,728","12,728","12,728","12,728","5.20K","-3.23%"
"04/03/2017","13,153","13,153","13,153","13,153","0.20K","0.00%"
"03/23/2017","13,153","13,153","13,153","13,153","0.10K","16.54%"
"03/21/2017","11,286","12,304","13,322","11,201","4.00K","9.93%"
"03/15/2017","10,267","11,880","11,880","10,267","0.70K","-12.32%"
"03/14/2017","11,710","11,710","11,710","11,710","0.20K","0.00%"
"03/09/2017","11,710","11,201","11,710","11,201","5.40K","4.54%"
"03/06/2017","11,201","11,201","11,201","11,201","0.90K","3.13%"
"03/03/2017","10,861","10,861","10,861","10,861","0.10K","14.28%"
"03/02/2017","9,504","9,504","9,504","9,504","0.10K","-14.50%"
"02/28/2017","11,116","11,201","11,201","11,116","1.10K","-5.07%"
"02/24/2017","11,710","11,710","11,710","11,710","0.20K","15.00%"
"02/20/2017","10,183","10,183","10,183","10,183","0.10K","-15.49%"
"02/14/2017","12,049","11,880","12,049","11,710","1.20K","13.59%"
"02/08/2017","10,607","10,607","10,607","10,607","1.00K","-7.40%"
"01/25/2017","11,455","11,031","11,455","11,031","3.00K","10.65%"
"01/24/2017","10,352","10,352","10,352","10,352","0.10K","-14.69%"
"01/20/2017","12,134","12,134","12,134","12,134","1.50K","0.00%"
"01/19/2017","12,134","12,134","12,134","12,134","10.10K","14.40%"
"01/13/2017","10,607","10,607","10,607","10,607","0.10K","-7.40%"
"01/12/2017","11,455","11,710","11,710","10,183","9.50K","-2.18%"
"01/11/2017","11,710","11,710","11,710","11,710","0.40K","10.40%"
"01/10/2017","10,607","10,607","10,607","10,607","0.30K","4.16%"
"01/09/2017","10,183","10,183","10,183","10,183","0.10K","1.70%"
"01/06/2017","10,013","10,013","10,013","10,013","0.10K","-16.90%"
"01/04/2017","12,049","10,098","12,049","10,098","0.80K","1.42%"
"12/30/2016","11,880","11,880","11,880","11,880","1.30K","12.91%"
"12/19/2016","10,522","10,522","10,522","10,522","1.40K","0.00%"
"12/16/2016","10,522","10,522","10,522","10,522","0.10K","0.00%"
"12/14/2016","10,522","10,522","10,522","10,522","1.00K","0.81%"
"12/13/2016","10,437","10,437","10,437","10,437","0.10K","-2.38%"
"12/08/2016","10,692","11,540","12,304","10,692","7.60K","0.00%"
"12/07/2016","10,692","11,031","11,795","10,692","8.00K","0.00%"
"12/06/2016","10,692","10,692","10,692","10,692","1.60K","-10.00%"
"11/30/2016","11,880","11,880","11,880","11,880","0.20K","11.11%"
"11/29/2016","10,692","10,692","10,692","10,692","2.50K","0.00%"
"11/28/2016","10,692","10,692","10,692","10,692","1.30K","-14.87%"
"11/25/2016","12,559","12,559","12,559","12,474","6.50K","0.00%"
"11/24/2016","12,559","12,134","12,559","12,134","5.10K","3.50%"
"11/23/2016","12,134","10,777","12,134","10,777","10.00K","12.59%"
"11/22/2016","10,777","9,419","10,777","9,419","7.70K","14.42%"
"11/21/2016","9,419","9,419","9,419","9,419","0.10K","0.91%"
"11/17/2016","9,334","9,164","9,334","9,164","3.30K","-1.79%"
"11/16/2016","9,504","9,504","9,504","9,504","0.10K","3.71%"
"11/15/2016","9,164","9,164","9,164","9,164","9.80K","-6.09%"
"11/14/2016","9,758","11,031","11,116","9,758","1.10K","0.87%"
"11/11/2016","9,674","9,674","9,674","9,674","0.20K","5.57%"
"11/10/2016","9,164","9,164","9,164","9,164","0.20K","-0.92%"
"11/09/2016","9,249","8,401","9,249","8,401","2.80K","-2.68%"
"11/08/2016","9,504","9,504","9,504","9,504","0.10K","6.67%"
"11/07/2016","8,910","8,910","8,910","8,910","0.20K","0.96%"
"11/03/2016","8,825","8,825","8,825","8,825","1.00K","0.97%"
"11/02/2016","8,740","8,740","8,740","8,740","1.00K","0.00%"
"10/31/2016","8,740","8,740","8,740","8,740","1.70K","0.00%"
"10/27/2016","8,740","8,825","8,825","8,740","2.50K","-0.96%"
"10/14/2016","8,825","8,825","8,825","8,825","2.00K","0.00%"
"10/13/2016","8,825","8,825","8,825","8,825","1.00K","0.00%"
"10/12/2016","8,825","8,825","8,825","8,825","1.00K","0.00%"
"10/11/2016","8,825","8,825","8,825","8,825","1.80K","0.00%"
"10/10/2016","8,825","8,825","8,825","8,825","1.30K","0.00%"
"10/06/2016","8,825","8,825","8,825","8,825","1.00K","0.00%"
"10/05/2016","8,825","8,825","8,825","8,825","2.00K","0.00%"
"10/04/2016","8,825","8,825","8,825","8,825","0.20K","3.99%"
"10/03/2016","8,486","8,486","8,486","8,486","1.00K","2.04%"
"09/27/2016","8,316","8,316","8,316","8,316","0.10K","-14.78%"
"09/21/2016","9,758","9,758","9,758","9,758","0.10K","12.74%"
"09/14/2016","8,655","8,995","8,995","8,655","3.10K","-15.01%"
"09/12/2016","10,183","10,183","10,183","10,183","3.20K","3.45%"
"09/09/2016","9,843","9,843","9,843","9,843","0.50K","0.00%"
"08/22/2016","9,843","9,843","9,843","9,843","1.50K","0.00%"
"08/17/2016","9,843","9,758","9,843","9,758","1.50K","0.87%"
"08/16/2016","9,758","9,758","9,758","9,758","0.50K","4.54%"
"08/15/2016","9,334","9,334","9,334","9,334","0.50K","0.00%"
"08/12/2016","9,334","9,334","9,334","9,334","0.50K","-0.90%"
"08/11/2016","9,419","9,504","9,504","9,419","2.80K","0.00%"
"08/09/2016","9,419","9,419","9,419","9,419","0.30K","0.00%"
"08/08/2016","9,419","9,334","9,419","9,334","2.90K","-1.77%"
"08/04/2016","9,589","9,334","9,589","9,334","1.50K","7.62%"
"08/03/2016","8,910","8,910","8,910","8,910","0.20K","-6.25%"
"08/01/2016","9,504","9,334","9,504","9,334","2.50K","1.82%"
"07/28/2016","9,334","9,334","9,504","9,334","2.50K","0.92%"
"07/27/2016","9,249","9,249","9,249","9,249","1.30K","-0.91%"
"07/26/2016","9,334","9,334","9,334","9,334","1.50K","0.00%"
"07/21/2016","9,334","9,334","9,334","9,249","2.60K","-0.90%"
"07/20/2016","9,419","9,419","9,419","9,419","0.50K","0.91%"
"07/19/2016","9,334","9,504","9,504","9,334","4.80K","-1.79%"
"07/18/2016","9,504","9,504","9,504","9,504","1.40K","0.00%"
"07/15/2016","9,504","9,504","9,504","9,504","1.90K","0.00%"
"07/13/2016","9,504","9,504","9,504","9,504","1.80K","-0.89%"
"07/12/2016","9,589","9,589","9,589","9,419","5.40K","-2.58%"
"07/11/2016","9,843","9,843","9,843","9,843","0.10K","0.87%"
"07/08/2016","9,758","9,758","9,758","9,758","0.60K","0.00%"
"07/07/2016","9,758","9,758","9,758","9,758","0.90K","0.00%"
"07/06/2016","9,758","9,758","9,758","9,758","0.90K","0.00%"
"07/04/2016","9,758","9,758","9,758","9,758","0.60K","0.00%"
"06/30/2016","9,758","9,758","9,758","9,758","0.10K","4.54%"
"06/29/2016","9,334","9,334","9,334","9,334","2.90K","0.00%"
"06/27/2016","9,334","9,334","9,334","9,334","1.00K","0.00%"
"06/21/2016","9,334","9,334","9,334","8,231","1.70K","11.11%"
"06/20/2016","8,401","9,843","9,843","8,401","0.80K","-14.65%"
"06/16/2016","9,843","9,843","9,843","9,843","0.20K","0.00%"
"06/15/2016","9,843","9,843","9,843","9,758","5.10K","-7.20%"
"06/06/2016","10,607","10,607","10,607","10,607","0.10K","-3.84%"
"06/02/2016","11,031","11,031","11,031","11,031","0.10K","8.33%"
"06/01/2016","10,183","10,183","10,183","10,183","0.50K","0.84%"
"05/31/2016","10,098","10,098","10,098","10,098","0.50K","-0.83%"
"05/30/2016","10,183","10,183","10,183","10,183","0.50K","-2.43%"
"05/27/2016","10,437","10,437","10,437","10,437","0.50K","0.00%"
"05/26/2016","10,437","10,437","10,437","10,437","1.00K","-0.81%"
"05/25/2016","10,522","10,522","10,522","10,522","1.00K","-0.80%"
"05/24/2016","10,607","10,607","10,607","10,607","1.00K","-0.79%"
"05/19/2016","10,692","10,607","10,692","10,607","0.70K","14.55%"
"05/18/2016","9,334","9,334","9,334","9,334","1.50K","-14.06%"
"05/17/2016","10,861","10,861","10,861","10,861","1.00K","6.66%"
"05/16/2016","10,183","10,861","10,861","10,183","1.40K","-4.00%"
"05/13/2016","10,607","10,861","10,861","10,183","1.10K","-1.58%"
"05/12/2016","10,777","10,861","10,861","10,777","3.20K","-0.77%"
"05/10/2016","10,861","9,674","10,861","9,674","3.50K","-4.49%"
"05/09/2016","11,371","11,371","11,371","11,371","0.10K","16.53%"
"05/05/2016","9,758","11,116","11,116","9,758","0.30K","0.87%"
"05/04/2016","9,674","9,674","9,674","9,674","0.20K","-0.86%"
"04/29/2016","9,758","9,758","9,758","9,758","0.10K","0.00%"
"04/27/2016","9,758","9,589","9,843","9,589","0.80K","-0.86%"
"04/26/2016","9,843","9,843","9,843","9,843","0.40K","0.87%"
"04/22/2016","9,758","9,758","9,758","9,758","1.50K","1.76%"
"04/21/2016","9,589","9,589","9,589","9,589","0.10K","0.00%"
"04/19/2016","9,589","9,674","9,674","9,589","12.00K","0.00%"
"04/15/2016","9,589","9,758","9,758","9,589","14.00K","-5.83%"
"04/14/2016","10,183","10,013","10,183","10,013","2.00K","2.57%"
"04/13/2016","9,928","9,769","9,928","9,769","0.50K","-3.85%"
"04/12/2016","10,325","10,325","10,325","10,325","0.60K","1.56%"
"04/11/2016","10,166","10,722","10,722","10,166","0.20K","-4.48%"
"04/08/2016","10,643","9,531","10,643","9,531","17.30K","15.52%"
"04/07/2016","9,213","9,531","9,531","9,213","2.00K","-3.34%"
"04/06/2016","9,531","9,610","9,610","9,531","2.70K","0.00%"
"04/05/2016","9,531","9,928","9,928","9,531","3.30K","0.00%"
"04/04/2016","9,531","9,531","9,531","9,531","2.00K","-6.25%"
"04/01/2016","10,166","10,325","10,325","10,166","9.90K","-14.67%"
"03/31/2016","11,914","11,914","11,914","11,914","0.60K","4.90%"
"03/30/2016","11,358","10,961","11,358","10,961","2.60K","7.53%"
"03/29/2016","10,563","9,213","10,563","9,213","31.20K","15.64%"
"03/28/2016","9,134","9,213","9,213","9,054","2.20K","0.00%"
"03/25/2016","9,134","9,134","9,134","9,134","0.20K","3.61%"
"03/24/2016","8,816","9,213","9,213","8,816","1.40K","8.83%"
"03/23/2016","8,101","8,101","8,101","8,101","0.20K","2.00%"
"03/17/2016","7,942","7,942","7,942","7,942","0.10K","11.11%"
"03/16/2016","7,148","7,148","7,148","7,148","0.10K","-12.63%"
"03/15/2016","8,181","8,181","8,181","8,181","0.50K","14.45%"
"03/14/2016","7,148","7,148","7,148","7,148","0.10K","-11.76%"
"03/07/2016","8,101","8,101","8,101","8,101","0.70K","5.15%"
"03/03/2016","7,704","7,704","7,704","7,704","2.90K","14.12%"
"02/26/2016","6,751","6,751","6,751","6,751","0.10K","-15.00%"
"02/19/2016","7,942","7,942","7,942","7,942","2.00K","3.09%"
"01/21/2016","7,704","7,704","7,704","7,704","10.00K","0.00%"
"01/13/2016","7,704","7,704","7,704","7,704","5.30K","-3.00%"
"01/06/2016","7,942","7,942","7,942","7,942","0.50K","0.00%"
"12/22/2015","7,942","7,942","7,942","7,942","0.50K","-1.96%"
"11/30/2015","8,101","8,101","8,101","8,101","0.10K","-15.00%"
"11/26/2015","9,531","9,531","9,531","9,531","0.10K","14.28%"
"11/25/2015","8,340","8,340","8,340","8,340","1.30K","0.00%"
"11/12/2015","8,340","8,340","8,340","8,340","0.50K","0.00%"
"11/09/2015","8,340","7,148","8,340","7,148","0.20K","0.00%"
"10/28/2015","8,340","8,340","8,340","8,340","0.10K","5.01%"
"10/26/2015","7,942","7,942","7,942","7,942","0.20K","14.93%"
"10/19/2015","6,910","6,910","6,910","6,910","0.10K","-12.99%"
"10/13/2015","7,942","8,340","8,340","7,942","2.00K","-1.00%"
"10/09/2015","8,022","8,101","8,101","8,022","5.00K","-1.94%"
"10/07/2015","8,181","8,181","8,181","8,181","1.00K","3.01%"
"10/02/2015","7,942","7,942","7,942","7,942","0.10K","-4.77%"
"09/14/2015","8,340","9,531","9,531","8,340","8.70K","0.00%"
"09/08/2015","8,340","8,340","8,340","8,340","0.40K","0.00%"
"09/03/2015","8,340","8,340","8,340","8,340","1.00K","1.94%"
"09/01/2015","8,181","8,181","8,181","8,181","0.10K","4.04%"
"08/31/2015","7,863","7,942","8,101","7,863","1.40K","1.01%"
"08/28/2015","7,784","7,784","7,784","7,784","0.50K","13.95%"
"08/27/2015","6,831","6,831","6,831","6,831","0.10K","14.67%"
"08/24/2015","5,957","5,957","5,957","5,957","2.80K","13.64%"
"08/04/2015","5,242","5,242","5,242","5,242","0.20K","-12.00%"
"07/27/2015","5,957","5,957","5,957","5,957","0.10K","-10.72%"
"07/22/2015","6,672","6,672","6,672","6,672","0.10K","-11.57%"
"07/16/2015","7,545","7,545","7,545","7,545","0.60K","-13.64%"
"07/10/2015","8,737","8,737","8,737","8,737","2.00K","0.00%"
"07/09/2015","8,737","8,737","8,737","8,737","2.00K","-9.83%"
"07/01/2015","9,690","9,690","9,690","9,690","1.00K","1.67%"
"06/30/2015","9,531","9,531","9,531","9,531","0.20K","0.00%"
"06/25/2015","9,531","9,531","9,531","9,531","0.70K","-4.76%"
"06/18/2015","10,007","9,054","10,007","9,054","0.20K","-1.56%"
"06/15/2015","10,166","10,325","10,325","10,007","8.00K","0.00%"
"06/12/2015","10,166","9,928","10,166","9,928","4.10K","2.40%"
"06/11/2015","9,928","9,928","9,928","9,928","3.00K","-3.10%"
"06/10/2015","10,246","10,246","10,246","10,246","0.10K","9.33%"
"06/04/2015","9,372","9,372","9,372","9,372","3.30K","9.26%"
"06/03/2015","8,578","8,578","8,578","8,578","0.60K","9.09%"
"06/02/2015","7,863","7,863","7,863","7,863","0.10K","10.00%"
"05/29/2015","7,148","7,148","7,148","7,148","0.50K","1.12%"
"05/20/2015","7,069","7,069","7,069","7,069","0.10K","-9.17%"
"05/18/2015","7,783","7,783","7,783","7,783","0.20K","1.87%"
"05/12/2015","7,640","7,640","7,640","7,640","0.20K","-9.32%"
"05/07/2015","8,425","8,354","8,425","8,354","1.20K","9.26%"
"05/06/2015","7,711","7,711","7,711","7,711","0.10K","-10.00%"
"05/05/2015","8,568","7,212","8,568","7,212","0.90K","7.14%"
"05/04/2015","7,997","7,997","7,997","7,997","0.50K","10.88%"
"04/22/2015","7,212","7,854","7,854","7,212","1.10K","1.01%"
"04/20/2015","7,140","7,140","7,140","7,140","0.10K","-9.92%"
"04/17/2015","7,926","7,926","7,926","7,926","0.10K","9.90%"
"04/10/2015","7,212","7,212","7,212","7,212","0.10K","-9.01%"
"04/09/2015","7,926","7,926","7,926","7,926","0.50K","-7.49%"
"04/08/2015","8,568","8,568","8,568","8,568","0.50K","4.35%"
"04/07/2015","8,211","7,497","8,640","7,497","6.50K","4.55%"
"04/06/2015","7,854","7,854","7,854","7,854","0.20K","6.80%"
"04/01/2015","7,354","7,354","7,354","7,354","1.70K","-9.66%"
"03/31/2015","8,140","8,140","8,140","8,140","0.20K","0.00%"
"03/27/2015","8,140","8,140","8,140","8,140","0.60K","3.64%"
"03/26/2015","7,854","8,497","8,497","7,854","2.20K","-6.78%"
"03/25/2015","8,425","8,497","8,497","8,425","0.60K","5.35%"
"03/24/2015","7,997","8,640","8,711","7,997","3.70K","-7.44%"
"03/23/2015","8,640","8,711","8,925","8,640","4.30K","-2.42%"
"03/20/2015","8,854","8,782","8,854","8,568","0.50K","0.82%"
"03/19/2015","8,782","8,782","8,854","7,426","10.50K","6.95%"
"03/18/2015","8,211","7,854","8,211","7,854","5.40K","8.48%"
"03/17/2015","7,569","7,283","7,569","7,283","3.20K","8.17%"
"03/16/2015","6,997","7,212","7,212","6,783","2.80K","5.38%"
"03/13/2015","6,640","6,712","6,712","6,640","3.50K","-2.11%"
"03/11/2015","6,783","6,783","6,783","6,783","1.00K","2.15%"
"03/10/2015","6,640","6,640","6,640","6,640","0.20K","0.00%"
"03/06/2015","6,640","6,640","6,640","6,640","1.30K","6.89%"
"03/05/2015","6,212","6,640","6,640","6,212","1.70K","-8.42%"
"03/02/2015","6,783","6,569","6,783","6,569","0.80K","4.39%"
"02/27/2015","6,498","6,355","6,498","6,355","0.60K","5.81%"
"02/26/2015","6,141","6,426","6,426","6,141","1.10K","-1.14%"
"02/25/2015","6,212","6,212","6,212","6,212","5.50K","-3.33%"
"02/12/2015","6,426","6,426","6,426","6,426","0.20K","0.00%"
"02/11/2015","6,426","6,426","6,426","6,426","1.08K","1.12%"
"02/09/2015","6,355","6,355","6,355","6,355","0.50K","0.00%"
"02/06/2015","6,355","6,426","6,426","6,355","3.60K","-1.10%"
"01/27/2015","6,426","6,355","6,426","6,355","0.90K","0.00%"
"01/22/2015","6,426","6,283","6,426","6,283","1.00K","2.28%"
"01/21/2015","6,283","6,283","6,283","6,283","0.10K","-4.35%"
"01/16/2015","6,569","6,569","6,569","6,569","0.20K","0.00%"
"01/14/2015","6,569","6,569","6,569","6,569","0.10K","5.75%"
"01/13/2015","6,212","6,212","6,212","6,212","","0.00%"
"01/08/2015","6,212","6,855","6,855","6,212","0.20K","-9.38%"
"01/05/2015","6,855","6,855","6,855","6,855","0.80K","-3.99%"
"12/31/2014","7,140","6,426","7,140","6,426","0.70K","1.00%"
"12/30/2014","7,069","5,998","7,069","5,998","0.50K","6.46%"
"12/29/2014","6,640","6,640","6,640","6,640","0.10K","9.41%"
"12/26/2014","6,069","6,069","6,069","6,069","0.50K","0.00%"
"12/17/2014","6,069","6,426","6,569","6,069","13.70K","-5.56%"
"12/16/2014","6,426","6,426","6,426","6,426","1.00K","0.00%"
"12/11/2014","6,426","6,426","6,426","6,426","0.90K","0.00%"
"12/10/2014","6,426","6,426","6,426","6,426","0.90K","5.88%"
"12/09/2014","6,069","6,069","6,069","6,069","0.10K","1.18%"
"12/05/2014","5,998","5,998","5,998","5,998","0.20K","9.09%"
"12/03/2014","5,498","5,498","5,498","5,498","1.00K","4.05%"
"12/02/2014","5,284","5,284","5,284","5,284","0.10K","-9.75%"
"11/25/2014","5,855","5,855","5,855","5,855","0.10K","1.23%"
"11/21/2014","5,784","5,784","5,784","5,784","0.10K","0.00%"
"11/19/2014","5,784","5,855","5,855","5,784","10.00K","-8.99%"
"11/18/2014","6,355","6,355","6,355","6,355","0.10K","9.87%"
"11/17/2014","5,784","5,784","5,784","5,784","6.10K","1.26%"
"11/13/2014","5,712","6,355","6,355","5,712","14.00K","-12.10%"
"11/12/2014","6,498","5,784","6,498","5,712","2.10K","3.42%"
"11/07/2014","6,283","5,855","6,283","5,855","1.10K","10.00%"
"11/06/2014","5,712","5,926","5,926","5,712","8.70K","-1.24%"
"10/31/2014","5,784","5,784","5,784","5,784","5.00K","0.00%"
"10/30/2014","5,784","5,784","5,784","5,784","0.10K","-9.99%"
"10/21/2014","6,426","6,712","6,712","6,426","9.90K","-5.26%"
"10/16/2014","6,783","6,783","6,783","6,783","0.10K","0.00%"
"10/14/2014","6,783","6,783","6,783","6,783","0.10K","0.00%"
"10/13/2014","6,783","6,926","6,926","6,783","0.70K","-1.05%"
"10/10/2014","6,855","6,855","6,855","6,855","1.00K","1.06%"
"10/09/2014","6,783","6,783","6,783","6,783","10.00K","0.00%"
"10/08/2014","6,783","6,783","6,783","6,783","0.30K","-1.05%"
"10/07/2014","6,855","6,926","6,926","6,855","1.50K","-3.99%"
"10/06/2014","7,140","7,140","7,140","7,140","0.20K","0.00%"
"10/03/2014","7,140","7,140","7,140","7,140","0.30K","7.53%"
"10/02/2014","6,640","6,640","6,640","6,640","0.20K","3.33%"
"10/01/2014","6,426","5,712","6,426","5,712","0.50K","2.28%"
"09/30/2014","6,283","6,283","6,283","6,283","0.30K","10.00%"
"09/18/2014","5,712","5,712","5,712","5,712","0.10K","-1.24%"
"09/16/2014","5,784","5,784","5,784","5,784","0.10K","-5.81%"
"09/15/2014","6,141","6,212","6,212","6,141","10.10K","-4.44%"
"09/12/2014","6,426","6,426","6,426","6,426","1.00K","-5.26%"
"09/11/2014","6,783","6,783","6,783","6,783","6.70K","-5.00%"
"09/10/2014","7,140","7,140","7,140","7,140","6.20K","-4.76%"
"09/09/2014","7,497","7,497","7,497","7,497","5.90K","-4.55%"
"09/05/2014","7,854","7,854","7,854","7,854","6.30K","0.00%"